[{"model": "admin.logentry", "pk": 1, "fields": {"action_time": "2024-07-02T22:10:41.079Z", "user": 1, "content_type": 8, "object_id": "1", "object_repr": "Электроника", "action_flag": 1, "change_message": "[{\"added\": {}}, {\"added\": {\"name\": \"Subcategory\", \"object\": \"\\u041c\\u043e\\u043d\\u0438\\u0442\\u043e\\u0440\\u044b\"}}, {\"added\": {\"name\": \"Subcategory\", \"object\": \"\\u041f\\u0435\\u0440\\u0438\\u0444\\u0435\\u0440\\u0438\\u044f\"}}]"}}, {"model": "admin.logentry", "pk": 2, "fields": {"action_time": "2024-07-02T22:11:09.258Z", "user": 1, "content_type": 9, "object_id": "1", "object_repr": "Монитор", "action_flag": 1, "change_message": "[{\"added\": {}}]"}}, {"model": "admin.logentry", "pk": 3, "fields": {"action_time": "2024-07-02T22:11:17.040Z", "user": 1, "content_type": 9, "object_id": "2", "object_repr": "Беспроводные мыши", "action_flag": 1, "change_message": "[{\"added\": {}}]"}}, {"model": "admin.logentry", "pk": 4, "fields": {"action_time": "2024-07-02T22:11:21.864Z", "user": 1, "content_type": 9, "object_id": "2", "object_repr": "Беспроводные мышь", "action_flag": 2, "change_message": "[{\"changed\": {\"fields\": [\"Name\"]}}]"}}, {"model": "admin.logentry", "pk": 5, "fields": {"action_time": "2024-07-02T22:11:26.408Z", "user": 1, "content_type": 9, "object_id": "2", "object_repr": "Беспроводная мышь", "action_flag": 2, "change_message": "[{\"changed\": {\"fields\": [\"Name\"]}}]"}}, {"model": "admin.logentry", "pk": 6, "fields": {"action_time": "2024-07-02T22:13:52.241Z", "user": 1, "content_type": 10, "object_id": "1", "object_repr": "Logitech M170", "action_flag": 1, "change_message": "[{\"added\": {}}, {\"added\": {\"name\": \"image\", \"object\": \"image\"}}, {\"added\": {\"name\": \"Review\", \"object\": \"Review by admin - 4 stars\"}}]"}}, {"model": "admin.logentry", "pk": 7, "fields": {"action_time": "2024-07-02T22:16:16.728Z", "user": 1, "content_type": 10, "object_id": "1", "object_repr": "Logitech M170", "action_flag": 2, "change_message": "[{\"changed\": {\"fields\": [\"Free delivery\", \"Limited\"]}}]"}}, {"model": "admin.logentry", "pk": 8, "fields": {"action_time": "2024-07-02T22:18:13.144Z", "user": 1, "content_type": 10, "object_id": "2", "object_repr": "AOC 27\" Монитор", "action_flag": 1, "change_message": "[{\"added\": {}}, {\"added\": {\"name\": \"image\", \"object\": \"image\"}}, {\"added\": {\"name\": \"Review\", \"object\": \"Review by admin - 4 stars\"}}]"}}, {"model": "admin.logentry", "pk": 9, "fields": {"action_time": "2024-07-02T22:19:27.207Z", "user": 1, "content_type": 10, "object_id": "1", "object_repr": "Logitech M170", "action_flag": 2, "change_message": "[{\"changed\": {\"fields\": [\"Free delivery\"]}}]"}}, {"model": "admin.logentry", "pk": 10, "fields": {"action_time": "2024-07-05T19:18:36.671Z", "user": 1, "content_type": 17, "object_id": "1", "object_repr": "Sale object (1)", "action_flag": 1, "change_message": "[{\"added\": {}}]"}}, {"model": "admin.logentry", "pk": 11, "fields": {"action_time": "2024-07-05T19:36:03.088Z", "user": 1, "content_type": 17, "object_id": "1", "object_repr": "Sale object (1)", "action_flag": 2, "change_message": "[{\"changed\": {\"fields\": [\"Product\"]}}]"}}, {"model": "admin.logentry", "pk": 12, "fields": {"action_time": "2024-07-05T19:36:07.157Z", "user": 1, "content_type": 17, "object_id": "1", "object_repr": "Sale object (1)", "action_flag": 2, "change_message": "[]"}}, {"model": "admin.logentry", "pk": 13, "fields": {"action_time": "2024-07-05T19:36:23.278Z", "user": 1, "content_type": 17, "object_id": "1", "object_repr": "Sale object (1)", "action_flag": 2, "change_message": "[{\"changed\": {\"fields\": [\"Product\"]}}]"}}, {"model": "admin.logentry", "pk": 14, "fields": {"action_time": "2024-07-05T20:25:39.455Z", "user": 1, "content_type": 17, "object_id": "2", "object_repr": "Sale object (2)", "action_flag": 1, "change_message": "[{\"added\": {}}]"}}, {"model": "admin.logentry", "pk": 15, "fields": {"action_time": "2024-07-05T20:25:54.493Z", "user": 1, "content_type": 17, "object_id": "2", "object_repr": "Sale object (2)", "action_flag": 2, "change_message": "[{\"changed\": {\"fields\": [\"Date to\"]}}]"}}, {"model": "admin.logentry", "pk": 16, "fields": {"action_time": "2024-07-05T20:26:08.167Z", "user": 1, "content_type": 17, "object_id": "2", "object_repr": "Sale object (2)", "action_flag": 2, "change_message": "[{\"changed\": {\"fields\": [\"Date to\"]}}]"}}, {"model": "admin.logentry", "pk": 17, "fields": {"action_time": "2024-07-05T20:26:15.197Z", "user": 1, "content_type": 17, "object_id": "2", "object_repr": "Sale object (2)", "action_flag": 2, "change_message": "[{\"changed\": {\"fields\": [\"Date to\"]}}]"}}, {"model": "admin.logentry", "pk": 18, "fields": {"action_time": "2024-07-05T20:26:27.580Z", "user": 1, "content_type": 17, "object_id": "2", "object_repr": "Sale object (2)", "action_flag": 2, "change_message": "[{\"changed\": {\"fields\": [\"Date to\"]}}]"}}, {"model": "admin.logentry", "pk": 19, "fields": {"action_time": "2024-07-05T20:42:13.479Z", "user": 1, "content_type": 17, "object_id": "3", "object_repr": "Sale object (3)", "action_flag": 1, "change_message": "[{\"added\": {}}]"}}, {"model": "admin.logentry", "pk": 20, "fields": {"action_time": "2024-07-05T21:31:40.874Z", "user": 1, "content_type": 13, "object_id": "3", "object_repr": "Смартфоны", "action_flag": 1, "change_message": "[{\"added\": {}}]"}}, {"model": "admin.logentry", "pk": 21, "fields": {"action_time": "2024-07-05T21:32:52.853Z", "user": 1, "content_type": 9, "object_id": "3", "object_repr": "Type-C", "action_flag": 1, "change_message": "[{\"added\": {}}]"}}, {"model": "admin.logentry", "pk": 22, "fields": {"action_time": "2024-07-05T21:33:22.587Z", "user": 1, "content_type": 10, "object_id": "3", "object_repr": "Poco Смартфон M6 8/256 ГБ, серебристый", "action_flag": 1, "change_message": "[{\"added\": {}}, {\"added\": {\"name\": \"image\", \"object\": \"image\"}}]"}}, {"model": "admin.logentry", "pk": 23, "fields": {"action_time": "2024-07-05T21:35:44.602Z", "user": 1, "content_type": 9, "object_id": "4", "object_repr": "USB", "action_flag": 1, "change_message": "[{\"added\": {}}]"}}, {"model": "admin.logentry", "pk": 24, "fields": {"action_time": "2024-07-05T21:36:43.560Z", "user": 1, "content_type": 10, "object_id": "4", "object_repr": "Tecno Смартфон Spark Go 2024  3/64 ГБ", "action_flag": 1, "change_message": "[{\"added\": {}}, {\"added\": {\"name\": \"image\", \"object\": \"image\"}}, {\"added\": {\"name\": \"image\", \"object\": \"image\"}}, {\"added\": {\"name\": \"image\", \"object\": \"image\"}}]"}}, {"model": "admin.logentry", "pk": 25, "fields": {"action_time": "2024-07-05T21:38:35.919Z", "user": 1, "content_type": 10, "object_id": "5", "object_repr": "Samsung Смартфон Galaxy Z Flip 5 Global 8/256 ГБ", "action_flag": 1, "change_message": "[{\"added\": {}}, {\"added\": {\"name\": \"image\", \"object\": \"image\"}}]"}}, {"model": "admin.logentry", "pk": 26, "fields": {"action_time": "2024-07-05T21:38:54.703Z", "user": 1, "content_type": 10, "object_id": "5", "object_repr": "Samsung Смартфон Galaxy Z Flip 5 Global 8/256 ГБ", "action_flag": 2, "change_message": "[{\"changed\": {\"fields\": [\"Available\"]}}]"}}, {"model": "admin.logentry", "pk": 27, "fields": {"action_time": "2024-07-05T21:41:40.222Z", "user": 1, "content_type": 10, "object_id": "5", "object_repr": "Samsung Смартфон Galaxy Z Flip 5 Global 8/256 ГБ", "action_flag": 2, "change_message": "[{\"changed\": {\"fields\": [\"Count\", \"Available\"]}}]"}}, {"model": "admin.logentry", "pk": 28, "fields": {"action_time": "2024-07-05T21:45:17.745Z", "user": 1, "content_type": 10, "object_id": "5", "object_repr": "Samsung Смартфон Galaxy Z Flip 5 Global 8/256 ГБ", "action_flag": 2, "change_message": "[{\"changed\": {\"fields\": [\"Count\"]}}]"}}, {"model": "admin.logentry", "pk": 29, "fields": {"action_time": "2024-07-05T21:46:22.455Z", "user": 1, "content_type": 10, "object_id": "5", "object_repr": "Samsung Смартфон Galaxy Z Flip 5 Global 8/256 ГБ", "action_flag": 2, "change_message": "[{\"changed\": {\"fields\": [\"Count\", \"Available\"]}}]"}}, {"model": "admin.logentry", "pk": 30, "fields": {"action_time": "2024-07-05T21:46:42.264Z", "user": 1, "content_type": 10, "object_id": "5", "object_repr": "Samsung Смартфон Galaxy Z Flip 5 Global 8/256 ГБ", "action_flag": 2, "change_message": "[{\"changed\": {\"fields\": [\"Available\"]}}]"}}, {"model": "admin.logentry", "pk": 31, "fields": {"action_time": "2024-07-07T14:12:11.996Z", "user": 1, "content_type": 13, "object_id": "2", "object_repr": "Периферия", "action_flag": 2, "change_message": "[{\"changed\": {\"fields\": [\"Image src\"]}}]"}}, {"model": "admin.logentry", "pk": 32, "fields": {"action_time": "2024-07-07T14:13:11.778Z", "user": 1, "content_type": 8, "object_id": "1", "object_repr": "Электроника", "action_flag": 2, "change_message": "[{\"changed\": {\"fields\": [\"Image src\"]}}]"}}, {"model": "admin.logentry", "pk": 33, "fields": {"action_time": "2024-07-07T14:15:01.599Z", "user": 1, "content_type": 13, "object_id": "4", "object_repr": "Ноутбуки", "action_flag": 1, "change_message": "[{\"added\": {}}]"}}, {"model": "admin.logentry", "pk": 34, "fields": {"action_time": "2024-07-07T14:16:26.805Z", "user": 1, "content_type": 9, "object_id": "5", "object_repr": "Lenovo", "action_flag": 1, "change_message": "[{\"added\": {}}]"}}, {"model": "admin.logentry", "pk": 35, "fields": {"action_time": "2024-07-07T14:17:17.224Z", "user": 1, "content_type": 10, "object_id": "6", "object_repr": "Lenovo Rescuer Y7000P", "action_flag": 1, "change_message": "[{\"added\": {}}, {\"added\": {\"name\": \"image\", \"object\": \"image\"}}, {\"added\": {\"name\": \"image\", \"object\": \"image\"}}, {\"added\": {\"name\": \"Review\", \"object\": \"Review by John - 5 stars\"}}]"}}, {"model": "admin.logentry", "pk": 36, "fields": {"action_time": "2024-07-12T21:48:27.553Z", "user": 1, "content_type": 17, "object_id": "3", "object_repr": "Sale object (3)", "action_flag": 2, "change_message": "[{\"changed\": {\"fields\": [\"Date to\"]}}]"}}, {"model": "admin.logentry", "pk": 37, "fields": {"action_time": "2024-07-15T14:50:12.114Z", "user": 1, "content_type": 9, "object_id": "2", "object_repr": "Беспроводное", "action_flag": 2, "change_message": "[{\"changed\": {\"fields\": [\"Name\"]}}]"}}, {"model": "admin.logentry", "pk": 38, "fields": {"action_time": "2024-07-15T14:50:30.215Z", "user": 1, "content_type": 9, "object_id": "6", "object_repr": "Logitech", "action_flag": 1, "change_message": "[{\"added\": {}}]"}}, {"model": "admin.logentry", "pk": 39, "fields": {"action_time": "2024-07-15T14:50:36.803Z", "user": 1, "content_type": 10, "object_id": "1", "object_repr": "Logitech M170", "action_flag": 2, "change_message": "[{\"changed\": {\"fields\": [\"Tags\"]}}]"}}, {"model": "admin.logentry", "pk": 40, "fields": {"action_time": "2024-07-15T14:52:55.621Z", "user": 1, "content_type": 9, "object_id": "7", "object_repr": "TechnoSpirit", "action_flag": 1, "change_message": "[{\"added\": {}}]"}}, {"model": "admin.logentry", "pk": 41, "fields": {"action_time": "2024-07-15T14:55:40.457Z", "user": 1, "content_type": 10, "object_id": "7", "object_repr": "TechnoSpirit v10 Ноутбук 14\"", "action_flag": 1, "change_message": "[{\"added\": {}}, {\"added\": {\"name\": \"image\", \"object\": \"image\"}}, {\"added\": {\"name\": \"image\", \"object\": \"image\"}}, {\"added\": {\"name\": \"image\", \"object\": \"image\"}}, {\"added\": {\"name\": \"Specification\", \"object\": \"\\u041f\\u0440\\u043e\\u0446\\u0435\\u0441\\u0441\\u043e\\u0440: Intel Celeron J4105\"}}, {\"added\": {\"name\": \"Specification\", \"object\": \"\\u041e\\u043f\\u0435\\u0440\\u0430\\u0442\\u0438\\u0432\\u043d\\u0430\\u044f \\u043f\\u0430\\u043c\\u044f\\u0442\\u044c: 8 \\u0413\\u0411\"}}, {\"added\": {\"name\": \"Specification\", \"object\": \"\\u041e\\u0431\\u0449\\u0438\\u0439 \\u043e\\u0431\\u044a\\u0435\\u043c SSD, \\u0413\\u0411: 256\"}}, {\"added\": {\"name\": \"Specification\", \"object\": \"\\u0412\\u0438\\u0434\\u0435\\u043e\\u043a\\u0430\\u0440\\u0442\\u0430: Intel UHD Graphics 600\"}}, {\"added\": {\"name\": \"Review\", \"object\": \"Review by John - 5 stars\"}}]"}}, {"model": "admin.logentry", "pk": 42, "fields": {"action_time": "2024-07-15T14:59:14.936Z", "user": 1, "content_type": 9, "object_id": "8", "object_repr": "ECOMNEX", "action_flag": 1, "change_message": "[{\"added\": {}}]"}}, {"model": "admin.logentry", "pk": 43, "fields": {"action_time": "2024-07-15T14:59:30.166Z", "user": 1, "content_type": 9, "object_id": "9", "object_repr": "Ноутбук", "action_flag": 1, "change_message": "[{\"added\": {}}]"}}, {"model": "admin.logentry", "pk": 44, "fields": {"action_time": "2024-07-15T15:00:52.074Z", "user": 1, "content_type": 10, "object_id": "8", "object_repr": "ECOMNEX LT3-1 Ноутбук", "action_flag": 1, "change_message": "[{\"added\": {}}, {\"added\": {\"name\": \"image\", \"object\": \"image\"}}, {\"added\": {\"name\": \"image\", \"object\": \"image\"}}, {\"added\": {\"name\": \"image\", \"object\": \"image\"}}, {\"added\": {\"name\": \"Specification\", \"object\": \"\\u041f\\u0440\\u043e\\u0446\\u0435\\u0441\\u0441\\u043e\\u0440: Intel Celeron J4125\"}}, {\"added\": {\"name\": \"Specification\", \"object\": \"\\u041e\\u043f\\u0435\\u0440\\u0430\\u0442\\u0438\\u0432\\u043d\\u0430\\u044f \\u043f\\u0430\\u043c\\u044f\\u0442\\u044c: 8 \\u0413\\u0411\"}}, {\"added\": {\"name\": \"Specification\", \"object\": \"\\u041e\\u0431\\u0449\\u0438\\u0439 \\u043e\\u0431\\u044a\\u0435\\u043c SSD, \\u0413\\u0411: 512\"}}, {\"added\": {\"name\": \"Specification\", \"object\": \"\\u0412\\u0438\\u0434\\u0435\\u043e\\u043a\\u0430\\u0440\\u0442\\u0430: Intel UHD Graphics 600\"}}]"}}, {"model": "admin.logentry", "pk": 45, "fields": {"action_time": "2024-07-15T15:01:21.446Z", "user": 1, "content_type": 10, "object_id": "7", "object_repr": "TechnoSpirit v10 Ноутбук 14\"", "action_flag": 2, "change_message": "[{\"changed\": {\"fields\": [\"Tags\"]}}]"}}, {"model": "admin.logentry", "pk": 46, "fields": {"action_time": "2024-07-15T15:01:26.272Z", "user": 1, "content_type": 10, "object_id": "6", "object_repr": "Lenovo Rescuer Y7000P", "action_flag": 2, "change_message": "[{\"changed\": {\"fields\": [\"Tags\"]}}]"}}, {"model": "admin.logentry", "pk": 47, "fields": {"action_time": "2024-07-15T15:03:52.770Z", "user": 1, "content_type": 8, "object_id": "2", "object_repr": "Бытовая техника", "action_flag": 1, "change_message": "[{\"added\": {}}]"}}, {"model": "admin.logentry", "pk": 48, "fields": {"action_time": "2024-07-15T15:04:36.660Z", "user": 1, "content_type": 8, "object_id": "2", "object_repr": "Бытовая техника", "action_flag": 2, "change_message": "[{\"changed\": {\"fields\": [\"Image src\"]}}]"}}, {"model": "admin.logentry", "pk": 49, "fields": {"action_time": "2024-07-15T15:05:23.427Z", "user": 1, "content_type": 13, "object_id": "5", "object_repr": "Стиральные машины", "action_flag": 1, "change_message": "[{\"added\": {}}]"}}, {"model": "admin.logentry", "pk": 50, "fields": {"action_time": "2024-07-15T15:06:07.125Z", "user": 1, "content_type": 9, "object_id": "10", "object_repr": "Полноразмерные", "action_flag": 1, "change_message": "[{\"added\": {}}]"}}, {"model": "admin.logentry", "pk": 51, "fields": {"action_time": "2024-07-15T15:12:10.263Z", "user": 1, "content_type": 10, "object_id": "9", "object_repr": "Стиральная машина CHiQ CFL70-12386BM3W", "action_flag": 1, "change_message": "[{\"added\": {}}, {\"added\": {\"name\": \"image\", \"object\": \"image\"}}, {\"added\": {\"name\": \"image\", \"object\": \"image\"}}, {\"added\": {\"name\": \"image\", \"object\": \"image\"}}, {\"added\": {\"name\": \"Specification\", \"object\": \"\\u0422\\u0438\\u043f \\u0437\\u0430\\u0433\\u0440\\u0443\\u0437\\u043a\\u0438: \\u0424\\u0440\\u043e\\u043d\\u0442\\u0430\\u043b\\u044c\\u043d\\u0430\\u044f\"}}, {\"added\": {\"name\": \"Specification\", \"object\": \"\\u0417\\u0430\\u0433\\u0440\\u0443\\u0437\\u043a\\u0430 \\u0431\\u0435\\u043b\\u044c\\u044f, \\u043a\\u0433: 7.5\"}}, {\"added\": {\"name\": \"Specification\", \"object\": \"\\u041c\\u0430\\u043a\\u0441\\u0438\\u043c\\u0430\\u043b\\u044c\\u043d\\u0430\\u044f \\u0441\\u043a\\u043e\\u0440\\u043e\\u0441\\u0442\\u044c \\u043e\\u0442\\u0436\\u0438\\u043c\\u0430, \\u043e\\u0431./\\u043c\\u0438\\u043d.: 1200\"}}, {\"added\": {\"name\": \"Specification\", \"object\": \"\\u041a\\u043b\\u0430\\u0441\\u0441 \\u044d\\u043d\\u0435\\u0440\\u0433\\u043e\\u043f\\u043e\\u0442\\u0440\\u0435\\u0431\\u043b\\u0435\\u043d\\u0438\\u044f: A+++\"}}, {\"added\": {\"name\": \"Specification\", \"object\": \"\\u0420\\u0430\\u0437\\u043c\\u0435\\u0440\\u044b, \\u043c\\u043c (\\u0428\\u0445\\u0413\\u0445\\u0412): 600*430*847\"}}, {\"added\": {\"name\": \"Review\", \"object\": \"Review by \\u0412\\u0438\\u043a\\u0442\\u043e\\u0440\\u0438\\u044f \\u041c. - 5 stars\"}}]"}}, {"model": "admin.logentry", "pk": 52, "fields": {"action_time": "2024-07-15T15:15:04.677Z", "user": 1, "content_type": 10, "object_id": "10", "object_repr": "Candy Стиральная машина CSWS40", "action_flag": 1, "change_message": "[{\"added\": {}}, {\"added\": {\"name\": \"image\", \"object\": \"image\"}}, {\"added\": {\"name\": \"image\", \"object\": \"image\"}}, {\"added\": {\"name\": \"image\", \"object\": \"image\"}}, {\"added\": {\"name\": \"Specification\", \"object\": \"\\u0422\\u0438\\u043f \\u0437\\u0430\\u0433\\u0440\\u0443\\u0437\\u043a\\u0438: \\u0424\\u0440\\u043e\\u043d\\u0442\\u0430\\u043b\\u044c\\u043d\\u0430\\u044f\"}}, {\"added\": {\"name\": \"Specification\", \"object\": \"\\u0417\\u0430\\u0433\\u0440\\u0443\\u0437\\u043a\\u0430 \\u0431\\u0435\\u043b\\u044c\\u044f, \\u043a\\u0433: 6\"}}, {\"added\": {\"name\": \"Specification\", \"object\": \"\\u041c\\u0430\\u043a\\u0441\\u0438\\u043c\\u0430\\u043b\\u044c\\u043d\\u0430\\u044f \\u0441\\u043a\\u043e\\u0440\\u043e\\u0441\\u0442\\u044c \\u043e\\u0442\\u0436\\u0438\\u043c\\u0430, \\u043e\\u0431./\\u043c\\u0438\\u043d.: 1200\"}}, {\"added\": {\"name\": \"Specification\", \"object\": \"\\u041a\\u043b\\u0430\\u0441\\u0441 \\u044d\\u043d\\u0435\\u0440\\u0433\\u043e\\u043f\\u043e\\u0442\\u0440\\u0435\\u0431\\u043b\\u0435\\u043d\\u0438\\u044f: B\"}}, {\"added\": {\"name\": \"Specification\", \"object\": \"\\u0420\\u0430\\u0437\\u043c\\u0435\\u0440\\u044b, \\u043c\\u043c (\\u0428\\u0445\\u0413\\u0445\\u0412): 600 x 440 x 850\"}}]"}}, {"model": "admin.logentry", "pk": 53, "fields": {"action_time": "2024-07-15T15:17:56.306Z", "user": 1, "content_type": 10, "object_id": "11", "object_repr": "Стиральная машина LG F4V5VG2S", "action_flag": 1, "change_message": "[{\"added\": {}}, {\"added\": {\"name\": \"image\", \"object\": \"image\"}}, {\"added\": {\"name\": \"image\", \"object\": \"image\"}}, {\"added\": {\"name\": \"image\", \"object\": \"image\"}}, {\"added\": {\"name\": \"Specification\", \"object\": \"\\u0422\\u0438\\u043f \\u0437\\u0430\\u0433\\u0440\\u0443\\u0437\\u043a\\u0438: \\u0424\\u0440\\u043e\\u043d\\u0442\\u0430\\u043b\\u044c\\u043d\\u0430\\u044f\"}}, {\"added\": {\"name\": \"Specification\", \"object\": \"\\u0417\\u0430\\u0433\\u0440\\u0443\\u0437\\u043a\\u0430 \\u0431\\u0435\\u043b\\u044c\\u044f, \\u043a\\u0433: 9\"}}, {\"added\": {\"name\": \"Specification\", \"object\": \"\\u041c\\u0430\\u043a\\u0441\\u0438\\u043c\\u0430\\u043b\\u044c\\u043d\\u0430\\u044f \\u0441\\u043a\\u043e\\u0440\\u043e\\u0441\\u0442\\u044c \\u043e\\u0442\\u0436\\u0438\\u043c\\u0430, \\u043e\\u0431./\\u043c\\u0438\\u043d.: 1400\"}}, {\"added\": {\"name\": \"Specification\", \"object\": \"\\u041a\\u043b\\u0430\\u0441\\u0441 \\u044d\\u043d\\u0435\\u0440\\u0433\\u043e\\u043f\\u043e\\u0442\\u0440\\u0435\\u0431\\u043b\\u0435\\u043d\\u0438\\u044f: A\"}}, {\"added\": {\"name\": \"Specification\", \"object\": \"\\u0420\\u0430\\u0437\\u043c\\u0435\\u0440\\u044b, \\u043c\\u043c (\\u0428\\u0445\\u0413\\u0445\\u0412): 600\\u0445560\\u0445850\"}}]"}}, {"model": "admin.logentry", "pk": 54, "fields": {"action_time": "2024-07-15T15:21:43.181Z", "user": 1, "content_type": 9, "object_id": "11", "object_repr": "Samsung", "action_flag": 1, "change_message": "[{\"added\": {}}]"}}, {"model": "admin.logentry", "pk": 55, "fields": {"action_time": "2024-07-15T15:22:41.210Z", "user": 1, "content_type": 13, "object_id": "6", "object_repr": "Холодильники", "action_flag": 1, "change_message": "[{\"added\": {}}]"}}, {"model": "admin.logentry", "pk": 56, "fields": {"action_time": "2024-07-15T15:23:03.789Z", "user": 1, "content_type": 10, "object_id": "12", "object_repr": "Samsung Встраиваемый холодильник BRB 26715EWW", "action_flag": 1, "change_message": "[{\"added\": {}}, {\"added\": {\"name\": \"image\", \"object\": \"image\"}}, {\"added\": {\"name\": \"image\", \"object\": \"image\"}}, {\"added\": {\"name\": \"image\", \"object\": \"image\"}}, {\"added\": {\"name\": \"Specification\", \"object\": \"\\u041e\\u0431\\u0449\\u0438\\u0439 \\u043e\\u0431\\u044a\\u0435\\u043c, \\u043b: 267\"}}, {\"added\": {\"name\": \"Specification\", \"object\": \"\\u041e\\u0431\\u0449\\u0438\\u0439 \\u043e\\u0431\\u044a\\u0435\\u043c \\u0445\\u043e\\u043b\\u043e\\u0434\\u0438\\u043b\\u044c\\u043d\\u043e\\u0439 \\u043a\\u0430\\u043c\\u0435\\u0440\\u044b, \\u043b: 193\"}}, {\"added\": {\"name\": \"Specification\", \"object\": \"\\u041a\\u043b\\u0430\\u0441\\u0441 \\u044d\\u043d\\u0435\\u0440\\u0433\\u043e\\u043f\\u043e\\u0442\\u0440\\u0435\\u0431\\u043b\\u0435\\u043d\\u0438\\u044f: A+\"}}, {\"added\": {\"name\": \"Specification\", \"object\": \"\\u0420\\u0430\\u0437\\u043c\\u0435\\u0440\\u044b, \\u043c\\u043c (\\u0428\\u0445\\u0413\\u0445\\u0412): 540 \\u0445 550 \\u0445 1775\"}}]"}}, {"model": "admin.logentry", "pk": 57, "fields": {"action_time": "2024-07-15T15:25:45.422Z", "user": 1, "content_type": 9, "object_id": "12", "object_repr": "Weissgauff", "action_flag": 1, "change_message": "[{\"added\": {}}]"}}, {"model": "admin.logentry", "pk": 58, "fields": {"action_time": "2024-07-15T15:26:53.481Z", "user": 1, "content_type": 10, "object_id": "13", "object_repr": "Weissgauff Холодильник Двухкамерный", "action_flag": 1, "change_message": "[{\"added\": {}}, {\"added\": {\"name\": \"image\", \"object\": \"image\"}}, {\"added\": {\"name\": \"image\", \"object\": \"image\"}}, {\"added\": {\"name\": \"image\", \"object\": \"image\"}}, {\"added\": {\"name\": \"Specification\", \"object\": \"\\u041e\\u0431\\u0449\\u0438\\u0439 \\u043e\\u0431\\u044a\\u0435\\u043c, \\u043b: 342\"}}, {\"added\": {\"name\": \"Specification\", \"object\": \"\\u041e\\u0431\\u0449\\u0438\\u0439 \\u043e\\u0431\\u044a\\u0435\\u043c \\u0445\\u043e\\u043b\\u043e\\u0434\\u0438\\u043b\\u044c\\u043d\\u043e\\u0439 \\u043a\\u0430\\u043c\\u0435\\u0440\\u044b, \\u043b: 245\"}}, {\"added\": {\"name\": \"Specification\", \"object\": \"\\u041a\\u043b\\u0430\\u0441\\u0441 \\u044d\\u043d\\u0435\\u0440\\u0433\\u043e\\u043f\\u043e\\u0442\\u0440\\u0435\\u0431\\u043b\\u0435\\u043d\\u0438\\u044f: 600\\u0445685\\u0445195\"}}, {\"added\": {\"name\": \"Specification\", \"object\": \"\\u0420\\u0430\\u0437\\u043c\\u0435\\u0440\\u044b, \\u043c\\u043c (\\u0428\\u0445\\u0413\\u0445\\u0412): A++\"}}]"}}, {"model": "admin.logentry", "pk": 59, "fields": {"action_time": "2024-07-15T15:30:29.005Z", "user": 1, "content_type": 9, "object_id": "13", "object_repr": "АТЛАНТ", "action_flag": 1, "change_message": "[{\"added\": {}}]"}}, {"model": "admin.logentry", "pk": 60, "fields": {"action_time": "2024-07-15T15:32:37.279Z", "user": 1, "content_type": 10, "object_id": "14", "object_repr": "Холодильник Side by Side ATLANT холодильник Х-1602-100", "action_flag": 1, "change_message": "[{\"added\": {}}, {\"added\": {\"name\": \"image\", \"object\": \"image\"}}, {\"added\": {\"name\": \"image\", \"object\": \"image\"}}, {\"added\": {\"name\": \"image\", \"object\": \"image\"}}, {\"added\": {\"name\": \"Specification\", \"object\": \"\\u041e\\u0431\\u0449\\u0438\\u0439 \\u043e\\u0431\\u044a\\u0435\\u043c, \\u043b: 649\"}}, {\"added\": {\"name\": \"Specification\", \"object\": \"\\u041e\\u0431\\u0449\\u0438\\u0439 \\u043e\\u0431\\u044a\\u0435\\u043c \\u0445\\u043e\\u043b\\u043e\\u0434\\u0438\\u043b\\u044c\\u043d\\u043e\\u0439 \\u043a\\u0430\\u043c\\u0435\\u0440\\u044b, \\u043b: 371\"}}, {\"added\": {\"name\": \"Specification\", \"object\": \"\\u041a\\u043b\\u0430\\u0441\\u0441 \\u044d\\u043d\\u0435\\u0440\\u0433\\u043e\\u043f\\u043e\\u0442\\u0440\\u0435\\u0431\\u043b\\u0435\\u043d\\u0438\\u044f: A+\"}}, {\"added\": {\"name\": \"Specification\", \"object\": \"\\u0420\\u0430\\u0437\\u043c\\u0435\\u0440\\u044b, \\u043c\\u043c (\\u0428\\u0445\\u0413\\u0445\\u0412): 1200\\u0445629\\u04451868\"}}, {\"added\": {\"name\": \"Review\", \"object\": \"Review by \\u0414\\u0435\\u043d\\u0438\\u0441 \\u041a. - 5 stars\"}}, {\"added\": {\"name\": \"Review\", \"object\": \"Review by \\u0421\\u0435\\u0440\\u0433\\u0435\\u0439 \\u0420. - 5 stars\"}}]"}}, {"model": "admin.logentry", "pk": 61, "fields": {"action_time": "2024-07-15T15:35:35.187Z", "user": 1, "content_type": 13, "object_id": "7", "object_repr": "Кондиционеры", "action_flag": 1, "change_message": "[{\"added\": {}}]"}}, {"model": "admin.logentry", "pk": 62, "fields": {"action_time": "2024-07-15T15:37:25.206Z", "user": 1, "content_type": 9, "object_id": "14", "object_repr": "Кондиционер", "action_flag": 1, "change_message": "[{\"added\": {}}]"}}, {"model": "admin.logentry", "pk": 63, "fields": {"action_time": "2024-07-15T15:38:55.874Z", "user": 1, "content_type": 10, "object_id": "15", "object_repr": "Умный кондиционер, настенная сплит-система от МТС Умный дом, для помещений до 25 кв.м.", "action_flag": 1, "change_message": "[{\"added\": {}}, {\"added\": {\"name\": \"image\", \"object\": \"image\"}}, {\"added\": {\"name\": \"image\", \"object\": \"image\"}}, {\"added\": {\"name\": \"image\", \"object\": \"image\"}}, {\"added\": {\"name\": \"image\", \"object\": \"image\"}}, {\"added\": {\"name\": \"Specification\", \"object\": \"\\u0420\\u0435\\u043a\\u043e\\u043c\\u0435\\u043d\\u0434\\u0443\\u0435\\u043c\\u0430\\u044f \\u043f\\u043b\\u043e\\u0449\\u0430\\u0434\\u044c \\u043f\\u043e\\u043c\\u0435\\u0449\\u0435\\u043d\\u0438\\u044f, \\u043a\\u0432.\\u043c: 25\"}}, {\"added\": {\"name\": \"Specification\", \"object\": \"\\u041c\\u043e\\u0449\\u043d\\u043e\\u0441\\u0442\\u044c \\u0432 \\u0440\\u0435\\u0436\\u0438\\u043c\\u0435 \\u043e\\u0445\\u043b\\u0430\\u0436\\u0434\\u0435\\u043d\\u0438\\u044f, \\u0412\\u0442: 2500\"}}, {\"added\": {\"name\": \"Specification\", \"object\": \"\\u0420\\u0435\\u0436\\u0438\\u043c \\u0440\\u0430\\u0431\\u043e\\u0442\\u044b \\u043a\\u043e\\u043d\\u0434\\u0438\\u0446\\u0438\\u043e\\u043d\\u0435\\u0440\\u0430: \\u041e\\u0431\\u043e\\u0433\\u0440\\u0435\\u0432, \\u041e\\u0441\\u0443\\u0448\\u0435\\u043d\\u0438\\u0435, \\u041e\\u0445\\u043b\\u0430\\u0436\\u0434\\u0435\\u043d\\u0438\\u0435\"}}, {\"added\": {\"name\": \"Specification\", \"object\": \"\\u041c\\u043e\\u0449\\u043d\\u043e\\u0441\\u0442\\u044c \\u0432 \\u0440\\u0435\\u0436\\u0438\\u043c\\u0435 \\u043e\\u0431\\u043e\\u0433\\u0440\\u0435\\u0432\\u0430, \\u0412\\u0442: 2500\"}}, {\"added\": {\"name\": \"Specification\", \"object\": \"\\u041c\\u0438\\u043d. \\u0443\\u0440\\u043e\\u0432\\u0435\\u043d\\u044c \\u0448\\u0443\\u043c\\u0430 \\u0432\\u043d\\u0443\\u0442\\u0440\\u0435\\u043d\\u043d\\u0435\\u0433\\u043e \\u0431\\u043b\\u043e\\u043a\\u0430, \\u0434\\u0411: 22\"}}]"}}, {"model": "admin.logentry", "pk": 64, "fields": {"action_time": "2024-07-15T15:40:44.862Z", "user": 1, "content_type": 9, "object_id": "15", "object_repr": "Viomi", "action_flag": 1, "change_message": "[{\"added\": {}}]"}}, {"model": "admin.logentry", "pk": 65, "fields": {"action_time": "2024-07-15T15:43:30.259Z", "user": 1, "content_type": 10, "object_id": "16", "object_repr": "Инверторный кондиционер сплит-система Viomi Cross 9000BTU", "action_flag": 1, "change_message": "[{\"added\": {}}, {\"added\": {\"name\": \"image\", \"object\": \"image\"}}, {\"added\": {\"name\": \"image\", \"object\": \"image\"}}, {\"added\": {\"name\": \"image\", \"object\": \"image\"}}, {\"added\": {\"name\": \"Specification\", \"object\": \"\\u0420\\u0435\\u043a\\u043e\\u043c\\u0435\\u043d\\u0434\\u0443\\u0435\\u043c\\u0430\\u044f \\u043f\\u043b\\u043e\\u0449\\u0430\\u0434\\u044c \\u043f\\u043e\\u043c\\u0435\\u0449\\u0435\\u043d\\u0438\\u044f, \\u043a\\u0432.\\u043c: 25\"}}, {\"added\": {\"name\": \"Specification\", \"object\": \"\\u041c\\u043e\\u0449\\u043d\\u043e\\u0441\\u0442\\u044c \\u0432 \\u0440\\u0435\\u0436\\u0438\\u043c\\u0435 \\u043e\\u0445\\u043b\\u0430\\u0436\\u0434\\u0435\\u043d\\u0438\\u044f, \\u0412\\u0442: 2500\"}}, {\"added\": {\"name\": \"Specification\", \"object\": \"\\u0420\\u0435\\u0436\\u0438\\u043c \\u0440\\u0430\\u0431\\u043e\\u0442\\u044b \\u043a\\u043e\\u043d\\u0434\\u0438\\u0446\\u0438\\u043e\\u043d\\u0435\\u0440\\u0430: \\u041e\\u0445\\u043b\\u0430\\u0436\\u0434\\u0435\\u043d\\u0438\\u0435, \\u041e\\u0431\\u043e\\u0433\\u0440\\u0435\\u0432\"}}, {\"added\": {\"name\": \"Specification\", \"object\": \"\\u041c\\u043e\\u0449\\u043d\\u043e\\u0441\\u0442\\u044c \\u0432 \\u0440\\u0435\\u0436\\u0438\\u043c\\u0435 \\u043e\\u0431\\u043e\\u0433\\u0440\\u0435\\u0432\\u0430, \\u0412\\u0442: 2600\"}}, {\"added\": {\"name\": \"Review\", \"object\": \"Review by \\u0412\\u043b\\u0430\\u0434\\u0438\\u043c\\u0438\\u0440 \\u041c. - 5 stars\"}}, {\"added\": {\"name\": \"Review\", \"object\": \"Review by \\u0413\\u043b\\u0443\\u0449\\u0435\\u043d\\u043a\\u043e \\u0421\\u0435\\u0440\\u0433\\u0435\\u0439 - 1 stars\"}}]"}}, {"model": "admin.logentry", "pk": 66, "fields": {"action_time": "2024-07-15T15:44:42.371Z", "user": 1, "content_type": 13, "object_id": "4", "object_repr": "Ноутбуки", "action_flag": 2, "change_message": "[{\"changed\": {\"fields\": [\"Image src\"]}}]"}}, {"model": "admin.logentry", "pk": 67, "fields": {"action_time": "2024-07-15T15:45:30.682Z", "user": 1, "content_type": 10, "object_id": "15", "object_repr": "Умный кондиционер, настенная сплит-система от МТС Умный дом", "action_flag": 2, "change_message": "[{\"changed\": {\"fields\": [\"Title\"]}}]"}}, {"model": "admin.logentry", "pk": 68, "fields": {"action_time": "2024-07-16T22:51:09.001Z", "user": 1, "content_type": 17, "object_id": "1", "object_repr": "Sale object (1)", "action_flag": 2, "change_message": "[{\"changed\": {\"fields\": [\"Date to\"]}}]"}}, {"model": "admin.logentry", "pk": 69, "fields": {"action_time": "2024-07-17T21:35:34.296Z", "user": 1, "content_type": 9, "object_id": "16", "object_repr": "realme", "action_flag": 1, "change_message": "[{\"added\": {}}]"}}, {"model": "admin.logentry", "pk": 70, "fields": {"action_time": "2024-07-17T21:35:59.097Z", "user": 1, "content_type": 10, "object_id": "17", "object_repr": "realme Смартфон C67 8/256 ГБ, черный", "action_flag": 1, "change_message": "[{\"added\": {}}, {\"added\": {\"name\": \"image\", \"object\": \"image\"}}]"}}, {"model": "admin.logentry", "pk": 71, "fields": {"action_time": "2024-07-17T21:38:13.265Z", "user": 1, "content_type": 10, "object_id": "18", "object_repr": "Samsung Смартфон A24 6/128 ГБ, зеленый", "action_flag": 1, "change_message": "[{\"added\": {}}, {\"added\": {\"name\": \"image\", \"object\": \"image\"}}]"}}, {"model": "admin.logentry", "pk": 72, "fields": {"action_time": "2024-07-17T21:39:42.110Z", "user": 1, "content_type": 9, "object_id": "17", "object_repr": "Tecno", "action_flag": 1, "change_message": "[{\"added\": {}}]"}}, {"model": "admin.logentry", "pk": 73, "fields": {"action_time": "2024-07-17T21:39:45.404Z", "user": 1, "content_type": 10, "object_id": "19", "object_repr": "Tecno Смартфон CAMON 30 Pro 5G 12/256GB", "action_flag": 1, "change_message": "[{\"added\": {}}]"}}, {"model": "admin.logentry", "pk": 74, "fields": {"action_time": "2024-07-17T21:41:35.313Z", "user": 1, "content_type": 13, "object_id": "8", "object_repr": "Смарт-часы", "action_flag": 1, "change_message": "[{\"added\": {}}]"}}, {"model": "admin.logentry", "pk": 75, "fields": {"action_time": "2024-07-17T21:43:14.495Z", "user": 1, "content_type": 9, "object_id": "18", "object_repr": "Bluetooth", "action_flag": 1, "change_message": "[{\"added\": {}}]"}}, {"model": "admin.logentry", "pk": 76, "fields": {"action_time": "2024-07-17T21:43:33.123Z", "user": 1, "content_type": 10, "object_id": "20", "object_repr": "Смарт часы 2024 Series PRO", "action_flag": 1, "change_message": "[{\"added\": {}}, {\"added\": {\"name\": \"image\", \"object\": \"image\"}}]"}}, {"model": "admin.logentry", "pk": 77, "fields": {"action_time": "2024-07-17T21:44:46.917Z", "user": 1, "content_type": 10, "object_id": "21", "object_repr": "Умные часы Titanium Special Edition", "action_flag": 1, "change_message": "[{\"added\": {}}, {\"added\": {\"name\": \"image\", \"object\": \"image\"}}]"}}, {"model": "admin.logentry", "pk": 78, "fields": {"action_time": "2024-07-17T22:02:40.207Z", "user": 1, "content_type": 10, "object_id": "19", "object_repr": "Tecno Смартфон CAMON 30 Pro 5G 12/256GB", "action_flag": 2, "change_message": "[{\"added\": {\"name\": \"image\", \"object\": \"image\"}}]"}}, {"model": "admin.logentry", "pk": 79, "fields": {"action_time": "2024-07-17T22:33:14.777Z", "user": 1, "content_type": 17, "object_id": "3", "object_repr": "Sale object (3)", "action_flag": 2, "change_message": "[{\"changed\": {\"fields\": [\"Date to\"]}}]"}}, {"model": "admin.logentry", "pk": 80, "fields": {"action_time": "2024-07-17T22:33:16.888Z", "user": 1, "content_type": 17, "object_id": "1", "object_repr": "Sale object (1)", "action_flag": 2, "change_message": "[{\"changed\": {\"fields\": [\"Date to\"]}}]"}}, {"model": "admin.logentry", "pk": 81, "fields": {"action_time": "2024-07-17T22:35:52.632Z", "user": 1, "content_type": 17, "object_id": "4", "object_repr": "Sale object (4)", "action_flag": 1, "change_message": "[{\"added\": {}}]"}}, {"model": "admin.logentry", "pk": 82, "fields": {"action_time": "2024-07-17T22:36:10.559Z", "user": 1, "content_type": 17, "object_id": "5", "object_repr": "Sale object (5)", "action_flag": 1, "change_message": "[{\"added\": {}}]"}}, {"model": "admin.logentry", "pk": 83, "fields": {"action_time": "2024-07-17T22:36:31.974Z", "user": 1, "content_type": 17, "object_id": "6", "object_repr": "Sale object (6)", "action_flag": 1, "change_message": "[{\"added\": {}}]"}}, {"model": "admin.logentry", "pk": 84, "fields": {"action_time": "2024-07-25T16:39:11.097Z", "user": 1, "content_type": 8, "object_id": "3", "object_repr": "Обувь", "action_flag": 1, "change_message": "[{\"added\": {}}]"}}, {"model": "admin.logentry", "pk": 85, "fields": {"action_time": "2024-07-25T16:40:09.118Z", "user": 1, "content_type": 13, "object_id": "9", "object_repr": "Женщинам", "action_flag": 1, "change_message": "[{\"added\": {}}]"}}, {"model": "admin.logentry", "pk": 86, "fields": {"action_time": "2024-07-25T16:41:03.985Z", "user": 1, "content_type": 9, "object_id": "19", "object_repr": "Thomas Munz", "action_flag": 1, "change_message": "[{\"added\": {}}]"}}, {"model": "admin.logentry", "pk": 87, "fields": {"action_time": "2024-07-25T16:41:59.700Z", "user": 1, "content_type": 10, "object_id": "22", "object_repr": "Туфли Thomas Munz", "action_flag": 1, "change_message": "[{\"added\": {}}, {\"added\": {\"name\": \"image\", \"object\": \"image\"}}, {\"added\": {\"name\": \"Specification\", \"object\": \"\\u0412\\u044b\\u0441\\u043e\\u0442\\u0430 \\u043a\\u0430\\u0431\\u043b\\u0443\\u043a\\u0430, \\u0441\\u043c: 8.5\"}}, {\"added\": {\"name\": \"Specification\", \"object\": \"\\u041c\\u0430\\u0442\\u0435\\u0440\\u0438\\u0430\\u043b: \\u041d\\u0430\\u0442\\u0443\\u0440\\u0430\\u043b\\u044c\\u043d\\u0430\\u044f \\u043a\\u043e\\u0436\\u0430\"}}, {\"added\": {\"name\": \"Specification\", \"object\": \"\\u041c\\u0430\\u0442\\u0435\\u0440\\u0438\\u0430\\u043b \\u0441\\u0442\\u0435\\u043b\\u044c\\u043a\\u0438: \\u041a\\u043e\\u0436\\u0430\"}}, {\"added\": {\"name\": \"Specification\", \"object\": \"\\u041c\\u0430\\u0442\\u0435\\u0440\\u0438\\u0430\\u043b \\u043f\\u043e\\u0434\\u043e\\u0448\\u0432\\u044b \\u043e\\u0431\\u0443\\u0432\\u0438: \\u0420\\u0435\\u0437\\u0438\\u043d\\u0430\"}}, {\"added\": {\"name\": \"Specification\", \"object\": \"\\u041f\\u043e\\u043b\\u043d\\u043e\\u0442\\u0430: 4\"}}]"}}, {"model": "admin.logentry", "pk": 88, "fields": {"action_time": "2024-07-25T16:44:36.533Z", "user": 1, "content_type": 9, "object_id": "20", "object_repr": "Artarianna", "action_flag": 1, "change_message": "[{\"added\": {}}]"}}, {"model": "admin.logentry", "pk": 89, "fields": {"action_time": "2024-07-25T16:44:38.992Z", "user": 1, "content_type": 10, "object_id": "23", "object_repr": "Лоферы Artarianna", "action_flag": 1, "change_message": "[{\"added\": {}}, {\"added\": {\"name\": \"image\", \"object\": \"image\"}}, {\"added\": {\"name\": \"Specification\", \"object\": \"\\u041c\\u0430\\u0442\\u0435\\u0440\\u0438\\u0430\\u043b: \\u0417\\u0430\\u043c\\u0448\\u0430 \\u0438\\u0441\\u043a\\u0443\\u0441\\u0441\\u0442\\u0432\\u0435\\u043d\\u043d\\u0430\\u044f\"}}, {\"added\": {\"name\": \"Specification\", \"object\": \"\\u041c\\u0430\\u0442\\u0435\\u0440\\u0438\\u0430\\u043b \\u0441\\u0442\\u0435\\u043b\\u044c\\u043a\\u0438: \\u0418\\u0441\\u043a\\u0443\\u0441\\u0441\\u0442\\u0432\\u0435\\u043d\\u043d\\u0430\\u044f \\u043a\\u043e\\u0436\\u0430\"}}, {\"added\": {\"name\": \"Specification\", \"object\": \"\\u041c\\u0430\\u0442\\u0435\\u0440\\u0438\\u0430\\u043b \\u043f\\u043e\\u0434\\u043e\\u0448\\u0432\\u044b \\u043e\\u0431\\u0443\\u0432\\u0438: \\u0420\\u0435\\u0437\\u0438\\u043d\\u0430\"}}, {\"added\": {\"name\": \"Specification\", \"object\": \"\\u0412\\u044b\\u0441\\u043e\\u0442\\u0430 \\u043a\\u0430\\u0431\\u043b\\u0443\\u043a\\u0430, \\u0441\\u043c: 1\"}}, {\"added\": {\"name\": \"Specification\", \"object\": \"\\u0421\\u0435\\u0437\\u043e\\u043d: \\u041b\\u0435\\u0442\\u043e\"}}]"}}, {"model": "admin.logentry", "pk": 90, "fields": {"action_time": "2024-07-25T16:46:15.210Z", "user": 1, "content_type": 9, "object_id": "21", "object_repr": "Женская обувь", "action_flag": 1, "change_message": "[{\"added\": {}}]"}}, {"model": "admin.logentry", "pk": 91, "fields": {"action_time": "2024-07-25T16:47:12.283Z", "user": 1, "content_type": 10, "object_id": "24", "object_repr": "Кроссовки", "action_flag": 1, "change_message": "[{\"added\": {}}, {\"added\": {\"name\": \"image\", \"object\": \"image\"}}, {\"added\": {\"name\": \"image\", \"object\": \"image\"}}, {\"added\": {\"name\": \"Specification\", \"object\": \"\\u041c\\u0430\\u0442\\u0435\\u0440\\u0438\\u0430\\u043b: \\u0422\\u0435\\u043a\\u0441\\u0442\\u0438\\u043b\\u044c\"}}, {\"added\": {\"name\": \"Specification\", \"object\": \"\\u041c\\u0430\\u0442\\u0435\\u0440\\u0438\\u0430\\u043b \\u0441\\u0442\\u0435\\u043b\\u044c\\u043a\\u0438: \\u0422\\u0435\\u043a\\u0441\\u0442\\u0438\\u043b\\u044c\"}}, {\"added\": {\"name\": \"Specification\", \"object\": \"\\u041c\\u0430\\u0442\\u0435\\u0440\\u0438\\u0430\\u043b \\u043f\\u043e\\u0434\\u043e\\u0448\\u0432\\u044b \\u043e\\u0431\\u0443\\u0432\\u0438: \\u041f\\u0412\\u0425 (\\u043f\\u043e\\u043b\\u0438\\u0432\\u0438\\u043d\\u0438\\u043b\\u0445\\u043b\\u043e\\u0440\\u0438\\u0434)\"}}, {\"added\": {\"name\": \"Specification\", \"object\": \"\\u041f\\u043e\\u043b\\u043d\\u043e\\u0442\\u0430: 6\"}}, {\"added\": {\"name\": \"Specification\", \"object\": \"\\u0421\\u0435\\u0437\\u043e\\u043d: \\u041b\\u0435\\u0442\\u043e\"}}]"}}, {"model": "admin.logentry", "pk": 92, "fields": {"action_time": "2024-07-25T16:47:21.868Z", "user": 1, "content_type": 10, "object_id": "23", "object_repr": "Лоферы Artarianna", "action_flag": 2, "change_message": "[{\"changed\": {\"fields\": [\"Tags\"]}}]"}}, {"model": "admin.logentry", "pk": 93, "fields": {"action_time": "2024-07-25T16:47:28.200Z", "user": 1, "content_type": 10, "object_id": "22", "object_repr": "Туфли Thomas Munz", "action_flag": 2, "change_message": "[{\"changed\": {\"fields\": [\"Tags\"]}}]"}}, {"model": "admin.logentry", "pk": 94, "fields": {"action_time": "2024-07-25T16:47:59.450Z", "user": 1, "content_type": 13, "object_id": "9", "object_repr": "Женская обувь", "action_flag": 2, "change_message": "[{\"changed\": {\"fields\": [\"Title\"]}}]"}}, {"model": "admin.logentry", "pk": 95, "fields": {"action_time": "2024-07-25T16:48:14.433Z", "user": 1, "content_type": 13, "object_id": "10", "object_repr": "Мужская обувь", "action_flag": 1, "change_message": "[{\"added\": {}}]"}}, {"model": "admin.logentry", "pk": 96, "fields": {"action_time": "2024-07-25T16:49:19.445Z", "user": 1, "content_type": 10, "object_id": "17", "object_repr": "realme Смартфон C67 8/256 ГБ, черный", "action_flag": 2, "change_message": "[{\"changed\": {\"name\": \"image\", \"object\": \"image\", \"fields\": [\"Src\"]}}]"}}, {"model": "admin.logentry", "pk": 97, "fields": {"action_time": "2024-07-25T16:50:49.106Z", "user": 1, "content_type": 9, "object_id": "22", "object_repr": "Мужская обувь", "action_flag": 1, "change_message": "[{\"added\": {}}]"}}, {"model": "admin.logentry", "pk": 98, "fields": {"action_time": "2024-07-25T16:52:37.066Z", "user": 1, "content_type": 10, "object_id": "25", "object_repr": "Полуботинки рабочие", "action_flag": 1, "change_message": "[{\"added\": {}}, {\"added\": {\"name\": \"image\", \"object\": \"image\"}}, {\"added\": {\"name\": \"image\", \"object\": \"image\"}}, {\"added\": {\"name\": \"Specification\", \"object\": \"\\u041c\\u0430\\u0442\\u0435\\u0440\\u0438\\u0430\\u043b \\u043f\\u043e\\u0434\\u043a\\u043b\\u0430\\u0434\\u043a\\u0438 \\u043e\\u0431\\u0443\\u0432\\u0438: \\u0422\\u0435\\u043a\\u0441\\u0442\\u0438\\u043b\\u044c\"}}, {\"added\": {\"name\": \"Specification\", \"object\": \"\\u0412\\u043d\\u0443\\u0442\\u0440\\u0435\\u043d\\u043d\\u0438\\u0439 \\u043c\\u0430\\u0442\\u0435\\u0440\\u0438\\u0430\\u043b: \\u0422\\u0435\\u043a\\u0441\\u0442\\u0438\\u043b\\u044c\"}}, {\"added\": {\"name\": \"Specification\", \"object\": \"\\u041f\\u043e\\u043b\\u043d\\u043e\\u0442\\u0430: R (\\u0441\\u0440\\u0435\\u0434\\u043d\\u044f\\u044f)\"}}, {\"added\": {\"name\": \"Specification\", \"object\": \"\\u0421\\u0435\\u0437\\u043e\\u043d: \\u0414\\u0435\\u043c\\u0438\\u0441\\u0435\\u0437\\u043e\\u043d\"}}, {\"added\": {\"name\": \"Review\", \"object\": \"Review by \\u0418\\u0433\\u043e\\u0440\\u044c \\u041f. - 5 stars\"}}]"}}, {"model": "admin.logentry", "pk": 99, "fields": {"action_time": "2024-07-25T16:53:44.378Z", "user": 1, "content_type": 9, "object_id": "23", "object_repr": "Arsman", "action_flag": 1, "change_message": "[{\"added\": {}}]"}}, {"model": "admin.logentry", "pk": 100, "fields": {"action_time": "2024-07-25T16:56:23.571Z", "user": 1, "content_type": 10, "object_id": "26", "object_repr": "Туфли Arsman", "action_flag": 1, "change_message": "[{\"added\": {}}, {\"added\": {\"name\": \"image\", \"object\": \"image\"}}, {\"added\": {\"name\": \"image\", \"object\": \"image\"}}, {\"added\": {\"name\": \"image\", \"object\": \"image\"}}, {\"added\": {\"name\": \"Specification\", \"object\": \"\\u0412\\u044b\\u0441\\u043e\\u0442\\u0430 \\u043a\\u0430\\u0431\\u043b\\u0443\\u043a\\u0430, \\u0441\\u043c: 1.7\"}}, {\"added\": {\"name\": \"Specification\", \"object\": \"\\u0412\\u044b\\u0441\\u043e\\u0442\\u0430 \\u043f\\u043b\\u0430\\u0442\\u0444\\u043e\\u0440\\u043c\\u044b, \\u0441\\u043c: 1.2\"}}, {\"added\": {\"name\": \"Specification\", \"object\": \"\\u041c\\u0430\\u0442\\u0435\\u0440\\u0438\\u0430\\u043b: \\u041d\\u0430\\u0442\\u0443\\u0440\\u0430\\u043b\\u044c\\u043d\\u0430\\u044f \\u043a\\u043e\\u0436\\u0430\"}}, {\"added\": {\"name\": \"Specification\", \"object\": \"\\u041c\\u0430\\u0442\\u0435\\u0440\\u0438\\u0430\\u043b \\u0441\\u0442\\u0435\\u043b\\u044c\\u043a\\u0438: \\u041a\\u043e\\u0436\\u0430\"}}, {\"added\": {\"name\": \"Specification\", \"object\": \"\\u041c\\u0430\\u0442\\u0435\\u0440\\u0438\\u0430\\u043b \\u043f\\u043e\\u0434\\u043e\\u0448\\u0432\\u044b \\u043e\\u0431\\u0443\\u0432\\u0438: \\u0422\\u042d\\u041f (\\u043f\\u043e\\u043b\\u0438\\u043c\\u0435\\u0440\\u043d\\u044b\\u0439 \\u0442\\u0435\\u0440\\u043c\\u043e\\u043f\\u043b\\u0430\\u0441\\u0442\\u0438\\u0447\\u043d\\u044b\\u0439 \\u043c\\u0430\\u0442\\u0435\\u0440\\u0438\\u0430\\u043b)\"}}, {\"added\": {\"name\": \"Review\", \"object\": \"Review by \\u0418\\u0440\\u0438\\u043d\\u0430 \\u0411. - 5 stars\"}}, {\"added\": {\"name\": \"Review\", \"object\": \"Review by \\u0421\\u0435\\u0440\\u0433\\u0435\\u0439 \\u0411. - 4 stars\"}}]"}}, {"model": "admin.logentry", "pk": 101, "fields": {"action_time": "2024-07-25T16:59:48.596Z", "user": 1, "content_type": 10, "object_id": "27", "object_repr": "Берцы Arsman", "action_flag": 1, "change_message": "[{\"added\": {}}, {\"added\": {\"name\": \"image\", \"object\": \"image\"}}, {\"added\": {\"name\": \"image\", \"object\": \"image\"}}, {\"added\": {\"name\": \"image\", \"object\": \"image\"}}, {\"added\": {\"name\": \"Specification\", \"object\": \"\\u0421\\u0435\\u0437\\u043e\\u043d: \\u0414\\u0435\\u043c\\u0438\\u0441\\u0435\\u0437\\u043e\\u043d\"}}, {\"added\": {\"name\": \"Specification\", \"object\": \"\\u041c\\u0430\\u0442\\u0435\\u0440\\u0438\\u0430\\u043b \\u043f\\u043e\\u0434\\u043a\\u043b\\u0430\\u0434\\u043a\\u0438 \\u043e\\u0431\\u0443\\u0432\\u0438: \\u0422\\u0435\\u043a\\u0441\\u0442\\u0438\\u043b\\u044c\"}}, {\"added\": {\"name\": \"Specification\", \"object\": \"\\u0412\\u043d\\u0443\\u0442\\u0440\\u0435\\u043d\\u043d\\u0438\\u0439 \\u043c\\u0430\\u0442\\u0435\\u0440\\u0438\\u0430\\u043b: \\u0422\\u0435\\u043a\\u0441\\u0442\\u0438\\u043b\\u044c\"}}, {\"added\": {\"name\": \"Specification\", \"object\": \"\\u041f\\u043e\\u043b\\u043d\\u043e\\u0442\\u0430: 6\"}}, {\"added\": {\"name\": \"Specification\", \"object\": \"\\u0421\\u0442\\u0440\\u0430\\u043d\\u0430-\\u0438\\u0437\\u0433\\u043e\\u0442\\u043e\\u0432\\u0438\\u0442\\u0435\\u043b\\u044c: \\u0420\\u043e\\u0441\\u0441\\u0438\\u044f\"}}, {\"added\": {\"name\": \"Review\", \"object\": \"Review by \\u0418\\u0440\\u0438\\u043d\\u0430 \\u0428. - 5 stars\"}}, {\"added\": {\"name\": \"Review\", \"object\": \"Review by \\u041c\\u0430\\u043a\\u0441\\u0438\\u043c \\u0421. - 3 stars\"}}]"}}, {"model": "auth.permission", "pk": 1, "fields": {"name": "Can add log entry", "content_type": 1, "codename": "add_logentry"}}, {"model": "auth.permission", "pk": 2, "fields": {"name": "Can change log entry", "content_type": 1, "codename": "change_logentry"}}, {"model": "auth.permission", "pk": 3, "fields": {"name": "Can delete log entry", "content_type": 1, "codename": "delete_logentry"}}, {"model": "auth.permission", "pk": 4, "fields": {"name": "Can view log entry", "content_type": 1, "codename": "view_logentry"}}, {"model": "auth.permission", "pk": 5, "fields": {"name": "Can add permission", "content_type": 2, "codename": "add_permission"}}, {"model": "auth.permission", "pk": 6, "fields": {"name": "Can change permission", "content_type": 2, "codename": "change_permission"}}, {"model": "auth.permission", "pk": 7, "fields": {"name": "Can delete permission", "content_type": 2, "codename": "delete_permission"}}, {"model": "auth.permission", "pk": 8, "fields": {"name": "Can view permission", "content_type": 2, "codename": "view_permission"}}, {"model": "auth.permission", "pk": 9, "fields": {"name": "Can add group", "content_type": 3, "codename": "add_group"}}, {"model": "auth.permission", "pk": 10, "fields": {"name": "Can change group", "content_type": 3, "codename": "change_group"}}, {"model": "auth.permission", "pk": 11, "fields": {"name": "Can delete group", "content_type": 3, "codename": "delete_group"}}, {"model": "auth.permission", "pk": 12, "fields": {"name": "Can view group", "content_type": 3, "codename": "view_group"}}, {"model": "auth.permission", "pk": 13, "fields": {"name": "Can add user", "content_type": 4, "codename": "add_user"}}, {"model": "auth.permission", "pk": 14, "fields": {"name": "Can change user", "content_type": 4, "codename": "change_user"}}, {"model": "auth.permission", "pk": 15, "fields": {"name": "Can delete user", "content_type": 4, "codename": "delete_user"}}, {"model": "auth.permission", "pk": 16, "fields": {"name": "Can view user", "content_type": 4, "codename": "view_user"}}, {"model": "auth.permission", "pk": 17, "fields": {"name": "Can add content type", "content_type": 5, "codename": "add_contenttype"}}, {"model": "auth.permission", "pk": 18, "fields": {"name": "Can change content type", "content_type": 5, "codename": "change_contenttype"}}, {"model": "auth.permission", "pk": 19, "fields": {"name": "Can delete content type", "content_type": 5, "codename": "delete_contenttype"}}, {"model": "auth.permission", "pk": 20, "fields": {"name": "Can view content type", "content_type": 5, "codename": "view_contenttype"}}, {"model": "auth.permission", "pk": 21, "fields": {"name": "Can add session", "content_type": 6, "codename": "add_session"}}, {"model": "auth.permission", "pk": 22, "fields": {"name": "Can change session", "content_type": 6, "codename": "change_session"}}, {"model": "auth.permission", "pk": 23, "fields": {"name": "Can delete session", "content_type": 6, "codename": "delete_session"}}, {"model": "auth.permission", "pk": 24, "fields": {"name": "Can view session", "content_type": 6, "codename": "view_session"}}, {"model": "auth.permission", "pk": 25, "fields": {"name": "Can add Profile", "content_type": 7, "codename": "add_profile"}}, {"model": "auth.permission", "pk": 26, "fields": {"name": "Can change Profile", "content_type": 7, "codename": "change_profile"}}, {"model": "auth.permission", "pk": 27, "fields": {"name": "Can delete Profile", "content_type": 7, "codename": "delete_profile"}}, {"model": "auth.permission", "pk": 28, "fields": {"name": "Can view Profile", "content_type": 7, "codename": "view_profile"}}, {"model": "auth.permission", "pk": 29, "fields": {"name": "Can add Category", "content_type": 8, "codename": "add_category"}}, {"model": "auth.permission", "pk": 30, "fields": {"name": "Can change Category", "content_type": 8, "codename": "change_category"}}, {"model": "auth.permission", "pk": 31, "fields": {"name": "Can delete Category", "content_type": 8, "codename": "delete_category"}}, {"model": "auth.permission", "pk": 32, "fields": {"name": "Can view Category", "content_type": 8, "codename": "view_category"}}, {"model": "auth.permission", "pk": 33, "fields": {"name": "Can add tag", "content_type": 9, "codename": "add_tag"}}, {"model": "auth.permission", "pk": 34, "fields": {"name": "Can change tag", "content_type": 9, "codename": "change_tag"}}, {"model": "auth.permission", "pk": 35, "fields": {"name": "Can delete tag", "content_type": 9, "codename": "delete_tag"}}, {"model": "auth.permission", "pk": 36, "fields": {"name": "Can view tag", "content_type": 9, "codename": "view_tag"}}, {"model": "auth.permission", "pk": 37, "fields": {"name": "Can add Product", "content_type": 10, "codename": "add_product"}}, {"model": "auth.permission", "pk": 38, "fields": {"name": "Can change Product", "content_type": 10, "codename": "change_product"}}, {"model": "auth.permission", "pk": 39, "fields": {"name": "Can delete Product", "content_type": 10, "codename": "delete_product"}}, {"model": "auth.permission", "pk": 40, "fields": {"name": "Can view Product", "content_type": 10, "codename": "view_product"}}, {"model": "auth.permission", "pk": 41, "fields": {"name": "Can add Review", "content_type": 11, "codename": "add_review"}}, {"model": "auth.permission", "pk": 42, "fields": {"name": "Can change Review", "content_type": 11, "codename": "change_review"}}, {"model": "auth.permission", "pk": 43, "fields": {"name": "Can delete Review", "content_type": 11, "codename": "delete_review"}}, {"model": "auth.permission", "pk": 44, "fields": {"name": "Can view Review", "content_type": 11, "codename": "view_review"}}, {"model": "auth.permission", "pk": 45, "fields": {"name": "Can add Specification", "content_type": 12, "codename": "add_specification"}}, {"model": "auth.permission", "pk": 46, "fields": {"name": "Can change Specification", "content_type": 12, "codename": "change_specification"}}, {"model": "auth.permission", "pk": 47, "fields": {"name": "Can delete Specification", "content_type": 12, "codename": "delete_specification"}}, {"model": "auth.permission", "pk": 48, "fields": {"name": "Can view Specification", "content_type": 12, "codename": "view_specification"}}, {"model": "auth.permission", "pk": 49, "fields": {"name": "Can add Subcategory", "content_type": 13, "codename": "add_subcategory"}}, {"model": "auth.permission", "pk": 50, "fields": {"name": "Can change Subcategory", "content_type": 13, "codename": "change_subcategory"}}, {"model": "auth.permission", "pk": 51, "fields": {"name": "Can delete Subcategory", "content_type": 13, "codename": "delete_subcategory"}}, {"model": "auth.permission", "pk": 52, "fields": {"name": "Can view Subcategory", "content_type": 13, "codename": "view_subcategory"}}, {"model": "auth.permission", "pk": 53, "fields": {"name": "Can add image", "content_type": 14, "codename": "add_image"}}, {"model": "auth.permission", "pk": 54, "fields": {"name": "Can change image", "content_type": 14, "codename": "change_image"}}, {"model": "auth.permission", "pk": 55, "fields": {"name": "Can delete image", "content_type": 14, "codename": "delete_image"}}, {"model": "auth.permission", "pk": 56, "fields": {"name": "Can view image", "content_type": 14, "codename": "view_image"}}, {"model": "auth.permission", "pk": 57, "fields": {"name": "Can add cart", "content_type": 15, "codename": "add_cart"}}, {"model": "auth.permission", "pk": 58, "fields": {"name": "Can change cart", "content_type": 15, "codename": "change_cart"}}, {"model": "auth.permission", "pk": 59, "fields": {"name": "Can delete cart", "content_type": 15, "codename": "delete_cart"}}, {"model": "auth.permission", "pk": 60, "fields": {"name": "Can view cart", "content_type": 15, "codename": "view_cart"}}, {"model": "auth.permission", "pk": 61, "fields": {"name": "Can add cart item", "content_type": 16, "codename": "add_cartitem"}}, {"model": "auth.permission", "pk": 62, "fields": {"name": "Can change cart item", "content_type": 16, "codename": "change_cartitem"}}, {"model": "auth.permission", "pk": 63, "fields": {"name": "Can delete cart item", "content_type": 16, "codename": "delete_cartitem"}}, {"model": "auth.permission", "pk": 64, "fields": {"name": "Can view cart item", "content_type": 16, "codename": "view_cartitem"}}, {"model": "auth.permission", "pk": 65, "fields": {"name": "Can add sale", "content_type": 17, "codename": "add_sale"}}, {"model": "auth.permission", "pk": 66, "fields": {"name": "Can change sale", "content_type": 17, "codename": "change_sale"}}, {"model": "auth.permission", "pk": 67, "fields": {"name": "Can delete sale", "content_type": 17, "codename": "delete_sale"}}, {"model": "auth.permission", "pk": 68, "fields": {"name": "Can view sale", "content_type": 17, "codename": "view_sale"}}, {"model": "auth.permission", "pk": 69, "fields": {"name": "Can add crontab", "content_type": 18, "codename": "add_crontabschedule"}}, {"model": "auth.permission", "pk": 70, "fields": {"name": "Can change crontab", "content_type": 18, "codename": "change_crontabschedule"}}, {"model": "auth.permission", "pk": 71, "fields": {"name": "Can delete crontab", "content_type": 18, "codename": "delete_crontabschedule"}}, {"model": "auth.permission", "pk": 72, "fields": {"name": "Can view crontab", "content_type": 18, "codename": "view_crontabschedule"}}, {"model": "auth.permission", "pk": 73, "fields": {"name": "Can add interval", "content_type": 19, "codename": "add_intervalschedule"}}, {"model": "auth.permission", "pk": 74, "fields": {"name": "Can change interval", "content_type": 19, "codename": "change_intervalschedule"}}, {"model": "auth.permission", "pk": 75, "fields": {"name": "Can delete interval", "content_type": 19, "codename": "delete_intervalschedule"}}, {"model": "auth.permission", "pk": 76, "fields": {"name": "Can view interval", "content_type": 19, "codename": "view_intervalschedule"}}, {"model": "auth.permission", "pk": 77, "fields": {"name": "Can add periodic task", "content_type": 20, "codename": "add_periodictask"}}, {"model": "auth.permission", "pk": 78, "fields": {"name": "Can change periodic task", "content_type": 20, "codename": "change_periodictask"}}, {"model": "auth.permission", "pk": 79, "fields": {"name": "Can delete periodic task", "content_type": 20, "codename": "delete_periodictask"}}, {"model": "auth.permission", "pk": 80, "fields": {"name": "Can view periodic task", "content_type": 20, "codename": "view_periodictask"}}, {"model": "auth.permission", "pk": 81, "fields": {"name": "Can add periodic tasks", "content_type": 21, "codename": "add_periodictasks"}}, {"model": "auth.permission", "pk": 82, "fields": {"name": "Can change periodic tasks", "content_type": 21, "codename": "change_periodictasks"}}, {"model": "auth.permission", "pk": 83, "fields": {"name": "Can delete periodic tasks", "content_type": 21, "codename": "delete_periodictasks"}}, {"model": "auth.permission", "pk": 84, "fields": {"name": "Can view periodic tasks", "content_type": 21, "codename": "view_periodictasks"}}, {"model": "auth.permission", "pk": 85, "fields": {"name": "Can add solar event", "content_type": 22, "codename": "add_solarschedule"}}, {"model": "auth.permission", "pk": 86, "fields": {"name": "Can change solar event", "content_type": 22, "codename": "change_solarschedule"}}, {"model": "auth.permission", "pk": 87, "fields": {"name": "Can delete solar event", "content_type": 22, "codename": "delete_solarschedule"}}, {"model": "auth.permission", "pk": 88, "fields": {"name": "Can view solar event", "content_type": 22, "codename": "view_solarschedule"}}, {"model": "auth.permission", "pk": 89, "fields": {"name": "Can add clocked", "content_type": 23, "codename": "add_clockedschedule"}}, {"model": "auth.permission", "pk": 90, "fields": {"name": "Can change clocked", "content_type": 23, "codename": "change_clockedschedule"}}, {"model": "auth.permission", "pk": 91, "fields": {"name": "Can delete clocked", "content_type": 23, "codename": "delete_clockedschedule"}}, {"model": "auth.permission", "pk": 92, "fields": {"name": "Can view clocked", "content_type": 23, "codename": "view_clockedschedule"}}, {"model": "auth.permission", "pk": 93, "fields": {"name": "Can add order", "content_type": 24, "codename": "add_order"}}, {"model": "auth.permission", "pk": 94, "fields": {"name": "Can change order", "content_type": 24, "codename": "change_order"}}, {"model": "auth.permission", "pk": 95, "fields": {"name": "Can delete order", "content_type": 24, "codename": "delete_order"}}, {"model": "auth.permission", "pk": 96, "fields": {"name": "Can view order", "content_type": 24, "codename": "view_order"}}, {"model": "auth.permission", "pk": 97, "fields": {"name": "Can add order product", "content_type": 25, "codename": "add_orderproduct"}}, {"model": "auth.permission", "pk": 98, "fields": {"name": "Can change order product", "content_type": 25, "codename": "change_orderproduct"}}, {"model": "auth.permission", "pk": 99, "fields": {"name": "Can delete order product", "content_type": 25, "codename": "delete_orderproduct"}}, {"model": "auth.permission", "pk": 100, "fields": {"name": "Can view order product", "content_type": 25, "codename": "view_orderproduct"}}, {"model": "auth.permission", "pk": 101, "fields": {"name": "Can add payment", "content_type": 26, "codename": "add_payment"}}, {"model": "auth.permission", "pk": 102, "fields": {"name": "Can change payment", "content_type": 26, "codename": "change_payment"}}, {"model": "auth.permission", "pk": 103, "fields": {"name": "Can delete payment", "content_type": 26, "codename": "delete_payment"}}, {"model": "auth.permission", "pk": 104, "fields": {"name": "Can view payment", "content_type": 26, "codename": "view_payment"}}, {"model": "auth.user", "pk": 1, "fields": {"password": "pbkdf2_sha256$720000$dFM5gQSntNFcxBQxZjbe4h$3j222CylU9KtMA0jdmTvm9wXp73No6U/ybPApFaaOaM=", "last_login": "2024-07-17T21:31:33.147Z", "is_superuser": true, "username": "admin", "first_name": "", "last_name": "", "email": "admin@gmail.com", "is_staff": true, "is_active": true, "date_joined": "2024-07-02T22:03:24.429Z", "groups": [], "user_permissions": []}}, {"model": "auth.user", "pk": 2, "fields": {"password": "pbkdf2_sha256$720000$mdO4EDqFvJldXpkBAbs9fD$4vkoRXmqG/nUvxDjZzIVcRbGkvUSxXi1hr+LRMAzlgY=", "last_login": "2024-07-02T22:37:12.056Z", "is_superuser": false, "username": "test", "first_name": "", "last_name": "", "email": "test@mail.ru", "is_staff": false, "is_active": true, "date_joined": "2024-07-02T22:37:10.731Z", "groups": [], "user_permissions": []}}, {"model": "auth.user", "pk": 3, "fields": {"password": "pbkdf2_sha256$720000$3f7CnzbURFjtdpBC1iQKnw$sF/TmdiHN6eLkjlCFy2GYljzeCIqzgn/uK5hVJef9kw=", "last_login": "2024-07-09T08:18:30.532Z", "is_superuser": false, "username": "John", "first_name": "", "last_name": "", "email": "john@gmail.com", "is_staff": false, "is_active": true, "date_joined": "2024-07-09T08:18:29.212Z", "groups": [], "user_permissions": []}}, {"model": "auth.user", "pk": 4, "fields": {"password": "pbkdf2_sha256$720000$30N2h9H7hTMYrBAkuKq6Kg$o2ylLC8DtM1aHtGqsrVoxMHDpbWdzYp9Jyiyx/ws5Ic=", "last_login": "2024-07-16T22:51:22.429Z", "is_superuser": false, "username": "test1", "first_name": "", "last_name": "", "email": "test1@mail.ru", "is_staff": false, "is_active": true, "date_joined": "2024-07-16T22:50:33.924Z", "groups": [], "user_permissions": []}}, {"model": "contenttypes.contenttype", "pk": 1, "fields": {"app_label": "admin", "model": "logentry"}}, {"model": "contenttypes.contenttype", "pk": 2, "fields": {"app_label": "auth", "model": "permission"}}, {"model": "contenttypes.contenttype", "pk": 3, "fields": {"app_label": "auth", "model": "group"}}, {"model": "contenttypes.contenttype", "pk": 4, "fields": {"app_label": "auth", "model": "user"}}, {"model": "contenttypes.contenttype", "pk": 5, "fields": {"app_label": "contenttypes", "model": "contenttype"}}, {"model": "contenttypes.contenttype", "pk": 6, "fields": {"app_label": "sessions", "model": "session"}}, {"model": "contenttypes.contenttype", "pk": 7, "fields": {"app_label": "accounts", "model": "profile"}}, {"model": "contenttypes.contenttype", "pk": 8, "fields": {"app_label": "products", "model": "category"}}, {"model": "contenttypes.contenttype", "pk": 9, "fields": {"app_label": "products", "model": "tag"}}, {"model": "contenttypes.contenttype", "pk": 10, "fields": {"app_label": "products", "model": "product"}}, {"model": "contenttypes.contenttype", "pk": 11, "fields": {"app_label": "products", "model": "review"}}, {"model": "contenttypes.contenttype", "pk": 12, "fields": {"app_label": "products", "model": "specification"}}, {"model": "contenttypes.contenttype", "pk": 13, "fields": {"app_label": "products", "model": "subcategory"}}, {"model": "contenttypes.contenttype", "pk": 14, "fields": {"app_label": "products", "model": "image"}}, {"model": "contenttypes.contenttype", "pk": 15, "fields": {"app_label": "products", "model": "cart"}}, {"model": "contenttypes.contenttype", "pk": 16, "fields": {"app_label": "products", "model": "cartitem"}}, {"model": "contenttypes.contenttype", "pk": 17, "fields": {"app_label": "products", "model": "sale"}}, {"model": "contenttypes.contenttype", "pk": 18, "fields": {"app_label": "django_celery_beat", "model": "crontabschedule"}}, {"model": "contenttypes.contenttype", "pk": 19, "fields": {"app_label": "django_celery_beat", "model": "intervalschedule"}}, {"model": "contenttypes.contenttype", "pk": 20, "fields": {"app_label": "django_celery_beat", "model": "periodictask"}}, {"model": "contenttypes.contenttype", "pk": 21, "fields": {"app_label": "django_celery_beat", "model": "periodictasks"}}, {"model": "contenttypes.contenttype", "pk": 22, "fields": {"app_label": "django_celery_beat", "model": "solarschedule"}}, {"model": "contenttypes.contenttype", "pk": 23, "fields": {"app_label": "django_celery_beat", "model": "clockedschedule"}}, {"model": "contenttypes.contenttype", "pk": 24, "fields": {"app_label": "orders", "model": "order"}}, {"model": "contenttypes.contenttype", "pk": 25, "fields": {"app_label": "orders", "model": "orderproduct"}}, {"model": "contenttypes.contenttype", "pk": 26, "fields": {"app_label": "orders", "model": "payment"}}, {"model": "sessions.session", "pk": "buucr02bafr930q7buf9o12zjdj92uk0", "fields": {"session_data": ".eJxVjDkOwjAQRe_iGlnjJV4o6TmDNeMFB5AtxUmFuDtESgHtf-_9Fwu4rTVsIy9hTuzMBDv9boTxkdsO0h3brfPY27rMxHeFH3Twa0_5eTncv4OKo37rYrIo3oLCqGyWmpwESFhEjEBkSHuDE1g0zkGenC_JoTKG0BYtPEj2_gDrvDfP:1sTnmC:fIZlo_SFtL9zQh3jQLXuwIAhVkvrweHLflQCW_tJfb8", "expire_date": "2024-07-30T19:23:52.445Z"}}, {"model": "sessions.session", "pk": "hydubtr1l0wl9m41s1ivf8d6zuepjry2", "fields": {"session_data": ".eJxVjDkOwjAQRe_iGlnjJV4o6TmDNeMFB5AtxUmFuDtESgHtf-_9Fwu4rTVsIy9hTuzMBDv9boTxkdsO0h3brfPY27rMxHeFH3Twa0_5eTncv4OKo37rYrIo3oLCqGyWmpwESFhEjEBkSHuDE1g0zkGenC_JoTKG0BYtPEj2_gDrvDfP:1sTo7L:WdXE39V4Hl7wVu_r85jPF4lHGSTPXk64jmPdFK45JgA", "expire_date": "2024-07-30T19:45:43.552Z"}}, {"model": "sessions.session", "pk": "q0skmzls45rwaky9gwmshqx8z4i6cvdc", "fields": {"session_data": ".eJxVjDkOwjAQRe_iGlnjJV4o6TmDNeMFB5AtxUmFuDtESgHtf-_9Fwu4rTVsIy9hTuzMBDv9boTxkdsO0h3brfPY27rMxHeFH3Twa0_5eTncv4OKo37rYrIo3oLCqGyWmpwESFhEjEBkSHuDE1g0zkGenC_JoTKG0BYtPEj2_gDrvDfP:1sTnKG:_oBk4mGNNodTLEjmXZ1da1v1YilmvAnnkkjqfYZd7Vw", "expire_date": "2024-07-30T18:55:00.274Z"}}, {"model": "sessions.session", "pk": "tmhbfnxur0kord32t3e8f7mbl4328yfk", "fields": {"session_data": ".eJxVjDkOwjAQRe_iGlnjJV4o6TmDNeMFB5AtxUmFuDtESgHtf-_9Fwu4rTVsIy9hTuzMBDv9boTxkdsO0h3brfPY27rMxHeFH3Twa0_5eTncv4OKo37rYrIo3oLCqGyWmpwESFhEjEBkSHuDE1g0zkGenC_JoTKG0BYtPEj2_gDrvDfP:1sUCFJ:z3auxWFe5fkVeTQFHG86K28ziJTEbWrh3gbj0WpguiI", "expire_date": "2024-07-31T21:31:33.183Z"}}, {"model": "accounts.profile", "pk": 1, "fields": {"user": 1, "full_name": "admin", "email": "admin@gmail.com", "phone": "+7 999 555 999", "avatar_src": "profiles/user_1/avatar/man-avatar-icon-vector_O4A3InY.jpg", "avatar_alt": "Avatar"}}, {"model": "accounts.profile", "pk": 2, "fields": {"user": 2, "full_name": "test", "email": "test@mail.ru", "phone": "", "avatar_src": "", "avatar_alt": ""}}, {"model": "accounts.profile", "pk": 3, "fields": {"user": 3, "full_name": "John", "email": "john@gmail.com", "phone": "", "avatar_src": "", "avatar_alt": ""}}, {"model": "accounts.profile", "pk": 4, "fields": {"user": 4, "full_name": "test1", "email": "test1@mail.ru", "phone": "", "avatar_src": "", "avatar_alt": ""}}, {"model": "products.category", "pk": 1, "fields": {"title": "Электроника", "image_src": "categories/изображение_2024-07-07_171309727.png", "image_alt": "Default alt text"}}, {"model": "products.category", "pk": 2, "fields": {"title": "Бытовая техника", "image_src": "categories/изображение_2024-07-15_180435385.png", "image_alt": "Default alt text"}}, {"model": "products.category", "pk": 3, "fields": {"title": "Обувь", "image_src": "categories/изображение_2024-07-25_193908113.png", "image_alt": "Default alt text"}}, {"model": "products.subcategory", "pk": 1, "fields": {"category": 1, "title": "Мониторы", "image_src": "subcategories/DELL-Optiplex-7040-Desktop.webp", "image_alt": "Default alt text"}}, {"model": "products.subcategory", "pk": 2, "fields": {"category": 1, "title": "Периферия", "image_src": "subcategories/изображение_2024-07-07_171210989.png", "image_alt": "Default alt text"}}, {"model": "products.subcategory", "pk": 3, "fields": {"category": 1, "title": "Смартфоны", "image_src": "subcategories/изображение_2024-07-06_003139963.png", "image_alt": "Default alt text"}}, {"model": "products.subcategory", "pk": 4, "fields": {"category": 1, "title": "Ноутбуки", "image_src": "subcategories/изображение_2024-07-15_184441731.png", "image_alt": "Default alt text"}}, {"model": "products.subcategory", "pk": 5, "fields": {"category": 2, "title": "Стиральные машины", "image_src": "subcategories/изображение_2024-07-15_180522140.png", "image_alt": "Default alt text"}}, {"model": "products.subcategory", "pk": 6, "fields": {"category": 2, "title": "Холодильники", "image_src": "subcategories/изображение_2024-07-15_182239804.png", "image_alt": "Default alt text"}}, {"model": "products.subcategory", "pk": 7, "fields": {"category": 2, "title": "Кондиционеры", "image_src": "subcategories/изображение_2024-07-15_183530194.png", "image_alt": "Default alt text"}}, {"model": "products.subcategory", "pk": 8, "fields": {"category": 1, "title": "Смарт-часы", "image_src": "subcategories/изображение_2024-07-18_004134202.png", "image_alt": "Default alt text"}}, {"model": "products.subcategory", "pk": 9, "fields": {"category": 3, "title": "Женская обувь", "image_src": "subcategories/изображение_2024-07-25_194006971.png", "image_alt": "Default alt text"}}, {"model": "products.subcategory", "pk": 10, "fields": {"category": 3, "title": "Мужская обувь", "image_src": "subcategories/изображение_2024-07-25_194813721.png", "image_alt": "Default alt text"}}, {"model": "products.tag", "pk": 1, "fields": {"name": "Монитор"}}, {"model": "products.tag", "pk": 2, "fields": {"name": "Беспроводное"}}, {"model": "products.tag", "pk": 3, "fields": {"name": "Type-C"}}, {"model": "products.tag", "pk": 4, "fields": {"name": "USB"}}, {"model": "products.tag", "pk": 5, "fields": {"name": "Lenovo"}}, {"model": "products.tag", "pk": 6, "fields": {"name": "Logitech"}}, {"model": "products.tag", "pk": 7, "fields": {"name": "TechnoSpirit"}}, {"model": "products.tag", "pk": 8, "fields": {"name": "ECOMNEX"}}, {"model": "products.tag", "pk": 9, "fields": {"name": "Ноутбук"}}, {"model": "products.tag", "pk": 10, "fields": {"name": "Полноразмерные"}}, {"model": "products.tag", "pk": 11, "fields": {"name": "Samsung"}}, {"model": "products.tag", "pk": 12, "fields": {"name": "Weissgauff"}}, {"model": "products.tag", "pk": 13, "fields": {"name": "АТЛАНТ"}}, {"model": "products.tag", "pk": 14, "fields": {"name": "Кондиционер"}}, {"model": "products.tag", "pk": 15, "fields": {"name": "Viomi"}}, {"model": "products.tag", "pk": 16, "fields": {"name": "realme"}}, {"model": "products.tag", "pk": 17, "fields": {"name": "Tecno"}}, {"model": "products.tag", "pk": 18, "fields": {"name": "Bluetooth"}}, {"model": "products.tag", "pk": 19, "fields": {"name": "Thomas Munz"}}, {"model": "products.tag", "pk": 20, "fields": {"name": "Artarianna"}}, {"model": "products.tag", "pk": 21, "fields": {"name": "Женская обувь"}}, {"model": "products.tag", "pk": 22, "fields": {"name": "Мужская обувь"}}, {"model": "products.tag", "pk": 23, "fields": {"name": "Arsman"}}, {"model": "products.specification", "pk": 1, "fields": {"name": "Процессор", "value": "Intel Celeron J4105", "product": 7}}, {"model": "products.specification", "pk": 2, "fields": {"name": "Оперативная память", "value": "8 ГБ", "product": 7}}, {"model": "products.specification", "pk": 3, "fields": {"name": "Общий объем SSD, ГБ", "value": "256", "product": 7}}, {"model": "products.specification", "pk": 4, "fields": {"name": "Видеокарта", "value": "Intel UHD Graphics 600", "product": 7}}, {"model": "products.specification", "pk": 5, "fields": {"name": "Процессор", "value": "Intel Celeron J4125", "product": 8}}, {"model": "products.specification", "pk": 6, "fields": {"name": "Оперативная память", "value": "8 ГБ", "product": 8}}, {"model": "products.specification", "pk": 7, "fields": {"name": "Общий объем SSD, ГБ", "value": "512", "product": 8}}, {"model": "products.specification", "pk": 8, "fields": {"name": "Видеокарта", "value": "Intel UHD Graphics 600", "product": 8}}, {"model": "products.specification", "pk": 9, "fields": {"name": "Тип загрузки", "value": "Фронтальная", "product": 9}}, {"model": "products.specification", "pk": 10, "fields": {"name": "Загрузка белья, кг", "value": "7.5", "product": 9}}, {"model": "products.specification", "pk": 11, "fields": {"name": "Максимальная скорость отжима, об./мин.", "value": "1200", "product": 9}}, {"model": "products.specification", "pk": 12, "fields": {"name": "Класс энергопотребления", "value": "A+++", "product": 9}}, {"model": "products.specification", "pk": 13, "fields": {"name": "Размеры, мм (ШхГхВ)", "value": "600*430*847", "product": 9}}, {"model": "products.specification", "pk": 14, "fields": {"name": "Тип загрузки", "value": "Фронтальная", "product": 10}}, {"model": "products.specification", "pk": 15, "fields": {"name": "Загрузка белья, кг", "value": "6", "product": 10}}, {"model": "products.specification", "pk": 16, "fields": {"name": "Максимальная скорость отжима, об./мин.", "value": "1200", "product": 10}}, {"model": "products.specification", "pk": 17, "fields": {"name": "Класс энергопотребления", "value": "B", "product": 10}}, {"model": "products.specification", "pk": 18, "fields": {"name": "Размеры, мм (ШхГхВ)", "value": "600 x 440 x 850", "product": 10}}, {"model": "products.specification", "pk": 19, "fields": {"name": "Тип загрузки", "value": "Фронтальная", "product": 11}}, {"model": "products.specification", "pk": 20, "fields": {"name": "Загрузка белья, кг", "value": "9", "product": 11}}, {"model": "products.specification", "pk": 21, "fields": {"name": "Максимальная скорость отжима, об./мин.", "value": "1400", "product": 11}}, {"model": "products.specification", "pk": 22, "fields": {"name": "Класс энергопотребления", "value": "A", "product": 11}}, {"model": "products.specification", "pk": 23, "fields": {"name": "Размеры, мм (ШхГхВ)", "value": "600х560х850", "product": 11}}, {"model": "products.specification", "pk": 24, "fields": {"name": "Общий объем, л", "value": "267", "product": 12}}, {"model": "products.specification", "pk": 25, "fields": {"name": "Общий объем холодильной камеры, л", "value": "193", "product": 12}}, {"model": "products.specification", "pk": 26, "fields": {"name": "Класс энергопотребления", "value": "A+", "product": 12}}, {"model": "products.specification", "pk": 27, "fields": {"name": "Размеры, мм (ШхГхВ)", "value": "540 х 550 х 1775", "product": 12}}, {"model": "products.specification", "pk": 28, "fields": {"name": "Общий объем, л", "value": "342", "product": 13}}, {"model": "products.specification", "pk": 29, "fields": {"name": "Общий объем холодильной камеры, л", "value": "245", "product": 13}}, {"model": "products.specification", "pk": 30, "fields": {"name": "Класс энергопотребления", "value": "600х685х195", "product": 13}}, {"model": "products.specification", "pk": 31, "fields": {"name": "Размеры, мм (ШхГхВ)", "value": "A++", "product": 13}}, {"model": "products.specification", "pk": 32, "fields": {"name": "Общий объем, л", "value": "649", "product": 14}}, {"model": "products.specification", "pk": 33, "fields": {"name": "Общий объем холодильной камеры, л", "value": "371", "product": 14}}, {"model": "products.specification", "pk": 34, "fields": {"name": "Класс энергопотребления", "value": "A+", "product": 14}}, {"model": "products.specification", "pk": 35, "fields": {"name": "Размеры, мм (ШхГхВ)", "value": "1200х629х1868", "product": 14}}, {"model": "products.specification", "pk": 36, "fields": {"name": "Рекомендуемая площадь помещения, кв.м", "value": "25", "product": 15}}, {"model": "products.specification", "pk": 37, "fields": {"name": "Мощность в режиме охлаждения, Вт", "value": "2500", "product": 15}}, {"model": "products.specification", "pk": 38, "fields": {"name": "Режим работы кондиционера", "value": "Обогрев, Осушение, Охлаждение", "product": 15}}, {"model": "products.specification", "pk": 39, "fields": {"name": "Мощность в режиме обогрева, Вт", "value": "2500", "product": 15}}, {"model": "products.specification", "pk": 40, "fields": {"name": "Мин. уровень шума внутреннего блока, дБ", "value": "22", "product": 15}}, {"model": "products.specification", "pk": 41, "fields": {"name": "Рекомендуемая площадь помещения, кв.м", "value": "25", "product": 16}}, {"model": "products.specification", "pk": 42, "fields": {"name": "Мощность в режиме охлаждения, Вт", "value": "2500", "product": 16}}, {"model": "products.specification", "pk": 43, "fields": {"name": "Режим работы кондиционера", "value": "Охлаждение, Обогрев", "product": 16}}, {"model": "products.specification", "pk": 44, "fields": {"name": "Мощность в режиме обогрева, Вт", "value": "2600", "product": 16}}, {"model": "products.specification", "pk": 45, "fields": {"name": "Высота каблука, см", "value": "8.5", "product": 22}}, {"model": "products.specification", "pk": 46, "fields": {"name": "Материал", "value": "Натуральная кожа", "product": 22}}, {"model": "products.specification", "pk": 47, "fields": {"name": "Материал стельки", "value": "Кожа", "product": 22}}, {"model": "products.specification", "pk": 48, "fields": {"name": "Материал подошвы обуви", "value": "Резина", "product": 22}}, {"model": "products.specification", "pk": 49, "fields": {"name": "Полнота", "value": "4", "product": 22}}, {"model": "products.specification", "pk": 50, "fields": {"name": "Материал", "value": "Замша искусственная", "product": 23}}, {"model": "products.specification", "pk": 51, "fields": {"name": "Материал стельки", "value": "Искусственная кожа", "product": 23}}, {"model": "products.specification", "pk": 52, "fields": {"name": "Материал подошвы обуви", "value": "Резина", "product": 23}}, {"model": "products.specification", "pk": 53, "fields": {"name": "Высота каблука, см", "value": "1", "product": 23}}, {"model": "products.specification", "pk": 54, "fields": {"name": "Сезон", "value": "Лето", "product": 23}}, {"model": "products.specification", "pk": 55, "fields": {"name": "Материал", "value": "Текстиль", "product": 24}}, {"model": "products.specification", "pk": 56, "fields": {"name": "Материал стельки", "value": "Текстиль", "product": 24}}, {"model": "products.specification", "pk": 57, "fields": {"name": "Материал подошвы обуви", "value": "ПВХ (поливинилхлорид)", "product": 24}}, {"model": "products.specification", "pk": 58, "fields": {"name": "Полнота", "value": "6", "product": 24}}, {"model": "products.specification", "pk": 59, "fields": {"name": "Сезон", "value": "Лето", "product": 24}}, {"model": "products.specification", "pk": 60, "fields": {"name": "Материал подкладки обуви", "value": "Текстиль", "product": 25}}, {"model": "products.specification", "pk": 61, "fields": {"name": "Внутренний материал", "value": "Текстиль", "product": 25}}, {"model": "products.specification", "pk": 62, "fields": {"name": "Полнота", "value": "R (средняя)", "product": 25}}, {"model": "products.specification", "pk": 63, "fields": {"name": "Сезон", "value": "Демисезон", "product": 25}}, {"model": "products.specification", "pk": 64, "fields": {"name": "Высота каблука, см", "value": "1.7", "product": 26}}, {"model": "products.specification", "pk": 65, "fields": {"name": "Высота платформы, см", "value": "1.2", "product": 26}}, {"model": "products.specification", "pk": 66, "fields": {"name": "Материал", "value": "Натуральная кожа", "product": 26}}, {"model": "products.specification", "pk": 67, "fields": {"name": "Материал стельки", "value": "Кожа", "product": 26}}, {"model": "products.specification", "pk": 68, "fields": {"name": "Материал подошвы обуви", "value": "ТЭП (полимерный термопластичный материал)", "product": 26}}, {"model": "products.specification", "pk": 69, "fields": {"name": "Сезон", "value": "Демисезон", "product": 27}}, {"model": "products.specification", "pk": 70, "fields": {"name": "Материал подкладки обуви", "value": "Текстиль", "product": 27}}, {"model": "products.specification", "pk": 71, "fields": {"name": "Внутренний материал", "value": "Текстиль", "product": 27}}, {"model": "products.specification", "pk": 72, "fields": {"name": "Полнота", "value": "6", "product": 27}}, {"model": "products.specification", "pk": 73, "fields": {"name": "Страна-изготовитель", "value": "Россия", "product": 27}}, {"model": "products.review", "pk": 1, "fields": {"author": "admin", "email": "admin@gmail.com", "text": "Good mouse", "rate": 4, "date": "2024-07-02T22:13:52.239Z", "product": 1}}, {"model": "products.review", "pk": 2, "fields": {"author": "admin", "email": "admin@gmail.com", "text": "Not bad monitor", "rate": 4, "date": "2024-07-02T22:18:13.141Z", "product": 2}}, {"model": "products.review", "pk": 3, "fields": {"author": "John", "email": "john@mail.ru", "text": "Very good notebok", "rate": 5, "date": "2024-07-07T14:17:17.222Z", "product": 6}}, {"model": "products.review", "pk": 4, "fields": {"author": "John", "email": "john@mail.ru", "text": "ноутбук для офисной работы, почты, интернета, просмотра фильмов.", "rate": 5, "date": "2024-07-15T14:55:40.455Z", "product": 7}}, {"model": "products.review", "pk": 5, "fields": {"author": "Виктория М.", "email": "test@mail.ru", "text": "Стирает тихо.", "rate": 5, "date": "2024-07-15T15:12:10.261Z", "product": 9}}, {"model": "products.review", "pk": 6, "fields": {"author": "Денис К.", "email": "test@mail.ru", "text": "Еще не включал, только доставили, внешне выглядит добротно и вписывается в будущий интерьер", "rate": 5, "date": "2024-07-15T15:32:37.276Z", "product": 14}}, {"model": "products.review", "pk": 7, "fields": {"author": "Сергей Р.", "email": "test@mail.ru", "text": "Отличный ,вместительный ,тихий!", "rate": 5, "date": "2024-07-15T15:32:37.278Z", "product": 14}}, {"model": "products.review", "pk": 8, "fields": {"author": "Владимир М.", "email": "test@mail.ru", "text": "Всё супер, работает. Через приложение схватывает отлично. Брал в две комнаты 21,5 и 16 метров, сложилось впечатление, что большую комнату охладил даже быстрее.", "rate": 5, "date": "2024-07-15T15:43:30.255Z", "product": 16}}, {"model": "products.review", "pk": 9, "fields": {"author": "Глущенко Сергей", "email": "test@mail.ru", "text": "Привезли только уличный блок кондиционера, внутреннего блока кондиционера как оказалось не было. Как выяснилось позже, от данного товара уже отказались днем ранее. Поддержка игнорит, как и продавец.", "rate": 1, "date": "2024-07-15T15:43:30.257Z", "product": 16}}, {"model": "products.review", "pk": 10, "fields": {"author": "Игорь П.", "email": "test@mail.ru", "text": "Отличные", "rate": 5, "date": "2024-07-25T16:52:37.064Z", "product": 25}}, {"model": "products.review", "pk": 11, "fields": {"author": "Ирина Б.", "email": "test@mail.ru", "text": "Туфли- что надо. Очень удобные и красивые. Спасибо", "rate": 5, "date": "2024-07-25T16:56:23.567Z", "product": 26}}, {"model": "products.review", "pk": 12, "fields": {"author": "Сергей Б.", "email": "test@mail.ru", "text": "Хорошие, удобные туфли. На свой 42 размер брал 43.", "rate": 4, "date": "2024-07-25T16:56:23.569Z", "product": 26}}, {"model": "products.review", "pk": 13, "fields": {"author": "Ирина Ш.", "email": "test@mail.ru", "text": "Отличные берцы, как уставные, только легче и намного мягче и удобнее!!!", "rate": 5, "date": "2024-07-25T16:59:48.592Z", "product": 27}}, {"model": "products.review", "pk": 14, "fields": {"author": "Максим С.", "email": "test@mail.ru", "text": "Маломерят на пол размера", "rate": 3, "date": "2024-07-25T16:59:48.594Z", "product": 27}}, {"model": "products.image", "pk": 1, "fields": {"product": 1, "src": "products/product_1/изображение_2024-07-03_011348487.png", "alt": "image"}}, {"model": "products.image", "pk": 2, "fields": {"product": 2, "src": "products/product_2/изображение_2024-07-03_011810868.png", "alt": "image"}}, {"model": "products.image", "pk": 3, "fields": {"product": 3, "src": "products/product_3/изображение_2024-07-06_003315908.png", "alt": "image"}}, {"model": "products.image", "pk": 4, "fields": {"product": 4, "src": "products/product_4/изображение_2024-07-06_003557936.png", "alt": "image"}}, {"model": "products.image", "pk": 5, "fields": {"product": 4, "src": "products/product_4/изображение_2024-07-06_003622375.png", "alt": "image"}}, {"model": "products.image", "pk": 6, "fields": {"product": 4, "src": "products/product_4/изображение_2024-07-06_003631279.png", "alt": "image"}}, {"model": "products.image", "pk": 7, "fields": {"product": 5, "src": "products/product_5/изображение_2024-07-06_003832524.png", "alt": "image"}}, {"model": "products.image", "pk": 8, "fields": {"product": 6, "src": "products/product_6/изображение_2024-07-07_171641844.png", "alt": "image"}}, {"model": "products.image", "pk": 9, "fields": {"product": 6, "src": "products/product_6/изображение_2024-07-07_171653977.png", "alt": "image"}}, {"model": "products.image", "pk": 10, "fields": {"product": 7, "src": "products/product_7/изображение_2024-07-15_175317886.png", "alt": "image"}}, {"model": "products.image", "pk": 11, "fields": {"product": 7, "src": "products/product_7/изображение_2024-07-15_175327434.png", "alt": "image"}}, {"model": "products.image", "pk": 12, "fields": {"product": 7, "src": "products/product_7/изображение_2024-07-15_175337384.png", "alt": "image"}}, {"model": "products.image", "pk": 13, "fields": {"product": 8, "src": "products/product_8/изображение_2024-07-15_175941847.png", "alt": "image"}}, {"model": "products.image", "pk": 14, "fields": {"product": 8, "src": "products/product_8/изображение_2024-07-15_175950320.png", "alt": "image"}}, {"model": "products.image", "pk": 15, "fields": {"product": 8, "src": "products/product_8/изображение_2024-07-15_175955933.png", "alt": "image"}}, {"model": "products.image", "pk": 16, "fields": {"product": 9, "src": "products/product_9/изображение_2024-07-15_181148634.png", "alt": "image"}}, {"model": "products.image", "pk": 17, "fields": {"product": 9, "src": "products/product_9/изображение_2024-07-15_181153734.png", "alt": "image"}}, {"model": "products.image", "pk": 18, "fields": {"product": 9, "src": "products/product_9/изображение_2024-07-15_181158963.png", "alt": "image"}}, {"model": "products.image", "pk": 19, "fields": {"product": 10, "src": "products/product_10/изображение_2024-07-15_181359263.png", "alt": "image"}}, {"model": "products.image", "pk": 20, "fields": {"product": 10, "src": "products/product_10/изображение_2024-07-15_181405853.png", "alt": "image"}}, {"model": "products.image", "pk": 21, "fields": {"product": 10, "src": "products/product_10/изображение_2024-07-15_181413101.png", "alt": "image"}}, {"model": "products.image", "pk": 22, "fields": {"product": 11, "src": "products/product_11/изображение_2024-07-15_181703662.png", "alt": "image"}}, {"model": "products.image", "pk": 23, "fields": {"product": 11, "src": "products/product_11/изображение_2024-07-15_181709221.png", "alt": "image"}}, {"model": "products.image", "pk": 24, "fields": {"product": 11, "src": "products/product_11/изображение_2024-07-15_181715078.png", "alt": "image"}}, {"model": "products.image", "pk": 25, "fields": {"product": 12, "src": "products/product_12/изображение_2024-07-15_182251952.png", "alt": "image"}}, {"model": "products.image", "pk": 26, "fields": {"product": 12, "src": "products/product_12/изображение_2024-07-15_182257456.png", "alt": "image"}}, {"model": "products.image", "pk": 27, "fields": {"product": 12, "src": "products/product_12/изображение_2024-07-15_182302387.png", "alt": "image"}}, {"model": "products.image", "pk": 28, "fields": {"product": 13, "src": "products/product_13/изображение_2024-07-15_182517485.png", "alt": "image"}}, {"model": "products.image", "pk": 29, "fields": {"product": 13, "src": "products/product_13/изображение_2024-07-15_182524399.png", "alt": "image"}}, {"model": "products.image", "pk": 30, "fields": {"product": 13, "src": "products/product_13/изображение_2024-07-15_182530808.png", "alt": "image"}}, {"model": "products.image", "pk": 31, "fields": {"product": 14, "src": "products/product_14/изображение_2024-07-15_183041211.png", "alt": "image"}}, {"model": "products.image", "pk": 32, "fields": {"product": 14, "src": "products/product_14/изображение_2024-07-15_183047662.png", "alt": "image"}}, {"model": "products.image", "pk": 33, "fields": {"product": 14, "src": "products/product_14/изображение_2024-07-15_183054158.png", "alt": "image"}}, {"model": "products.image", "pk": 34, "fields": {"product": 15, "src": "products/product_15/изображение_2024-07-15_183735974.png", "alt": "image"}}, {"model": "products.image", "pk": 35, "fields": {"product": 15, "src": "products/product_15/изображение_2024-07-15_183743070.png", "alt": "image"}}, {"model": "products.image", "pk": 36, "fields": {"product": 15, "src": "products/product_15/изображение_2024-07-15_183748048.png", "alt": "image"}}, {"model": "products.image", "pk": 37, "fields": {"product": 15, "src": "products/product_15/изображение_2024-07-15_183755100.png", "alt": "image"}}, {"model": "products.image", "pk": 38, "fields": {"product": 16, "src": "products/product_16/изображение_2024-07-15_184121491.png", "alt": "image"}}, {"model": "products.image", "pk": 39, "fields": {"product": 16, "src": "products/product_16/изображение_2024-07-15_184128786.png", "alt": "image"}}, {"model": "products.image", "pk": 40, "fields": {"product": 16, "src": "products/product_16/изображение_2024-07-15_184134095.png", "alt": "image"}}, {"model": "products.image", "pk": 41, "fields": {"product": 17, "src": "products/product_17/изображение_2024-07-25_194917409.png", "alt": "image"}}, {"model": "products.image", "pk": 42, "fields": {"product": 18, "src": "products/product_18/изображение_2024-07-18_003812119.png", "alt": "image"}}, {"model": "products.image", "pk": 43, "fields": {"product": 20, "src": "products/product_20/изображение_2024-07-18_004327477.png", "alt": "image"}}, {"model": "products.image", "pk": 44, "fields": {"product": 21, "src": "products/product_21/изображение_2024-07-18_004351946.png", "alt": "image"}}, {"model": "products.image", "pk": 45, "fields": {"product": 19, "src": "products/product_19/изображение_2024-07-18_010236579.png", "alt": "image"}}, {"model": "products.image", "pk": 46, "fields": {"product": 22, "src": "products/product_22/изображение_2024-07-25_194111700.png", "alt": "image"}}, {"model": "products.image", "pk": 47, "fields": {"product": 23, "src": "products/product_23/изображение_2024-07-25_194428456.png", "alt": "image"}}, {"model": "products.image", "pk": 48, "fields": {"product": 24, "src": "products/product_24/изображение_2024-07-25_194621910.png", "alt": "image"}}, {"model": "products.image", "pk": 49, "fields": {"product": 24, "src": "products/product_24/изображение_2024-07-25_194628083.png", "alt": "image"}}, {"model": "products.image", "pk": 50, "fields": {"product": 25, "src": "products/product_25/изображение_2024-07-25_195056791.png", "alt": "image"}}, {"model": "products.image", "pk": 51, "fields": {"product": 25, "src": "products/product_25/изображение_2024-07-25_195105492.png", "alt": "image"}}, {"model": "products.image", "pk": 52, "fields": {"product": 26, "src": "products/product_26/изображение_2024-07-25_195355806.png", "alt": "image"}}, {"model": "products.image", "pk": 53, "fields": {"product": 26, "src": "products/product_26/изображение_2024-07-25_195402224.png", "alt": "image"}}, {"model": "products.image", "pk": 54, "fields": {"product": 26, "src": "products/product_26/изображение_2024-07-25_195407525.png", "alt": "image"}}, {"model": "products.image", "pk": 55, "fields": {"product": 27, "src": "products/product_27/изображение_2024-07-25_195732611.png", "alt": "image"}}, {"model": "products.image", "pk": 56, "fields": {"product": 27, "src": "products/product_27/изображение_2024-07-25_195740292.png", "alt": "image"}}, {"model": "products.image", "pk": 57, "fields": {"product": 27, "src": "products/product_27/изображение_2024-07-25_195749441.png", "alt": "image"}}, {"model": "products.product", "pk": 1, "fields": {"category": 1, "subcategory": 2, "title": "Logitech M170", "description": "Мышка / мышь беспроводная Logitech M170 серый", "full_description": "Универсальная беспроводная компьютерная мышка Logitech M170 - хороший выбор для ноутбука. Отлично подойдёт для человека работающего во время поездки. Также её можно использовать и со стационарным компьютером. \r\nПРОСТОЕ ПОДКЛЮЧЕНИЕ.\r\n Мышь для подключения мыши к ноутбуку или компьютеру используется приёмник Bluetooth, который вставляется в USB-порт. Пользователю гарантировано стабильное беспроводное соединение, действующие на расстоянии примерно до 10 метров. Для подключения мыши не требуются ни дополнительные настройки, ни установка драйверов.\r\nПРОДУМАННАЯ ЭРГОНОМИКА \r\nФорма мыши соответствует форме человеческой ладони, поэтому пользователь не будет чувствовать дискомфорта даже после многочасовой работы. \r\nДЛЯ ПРАВШЕЙ И ЛЕВШЕЙ \r\nМышь подходит как для правой, так и для левой руки. Этому способствуют симметричная конструкция и возможность изменить назначение функций правой и левой кнопок.", "price": "1047.00", "count": 6516, "date": "2024-07-02T22:13:52.232Z", "free_delivery": false, "limited": true, "available": true, "views": 13, "rating": 4.0, "tags": [2, 6]}}, {"model": "products.product", "pk": 2, "fields": {"category": 1, "subcategory": 1, "title": "AOC 27 Монитор", "description": "AOC 27 Монитор C27G2E/BK, черный, красный", "full_description": "Изогнутый монитор C27G2E от AOC обладает VA-панелью с диагональю 27 дюймов и радиусом изогнутости 1500R. Частота смены кадров 165 Гц, Adaptive Sync, время отклика 1 мс и низкая задержка ввода обеспечивают работе дисплея плавность, отсутствие задержек и превосходное качество изображения.\r\n\r\n165HZ ЧАСТОТА ОБНОВЛЕНИЯ\r\n\r\nЧастота обновления 165 Гц, что более чем в два раза больше по сравнению со стандартом 60 Гц, превращает игры в истинное удовольствие. Реализуйте потенциал своего видеоадаптера. Забудьте про разрывы изображения и попрощайтесь с размытым изображением.Почувствуйте как ваши рефлексы преобразуются в непосредственные действия. Никогда не оглядывайтесь.\r\n\r\nADAPTIVE SYNC\r\n\r\nAdaptive Sync синхронизирует вертикальную частоту обновления монитора с частотой кадров видеокарты, тем самым обеспечивая плавность любого игрового процесса путем устранения задержек, разрывов и дрожания изображения. Данная функция также полезна при просмотре видео и других визуальных мультимедиа, также улучшая плавность просмотра.\r\n\r\nНИЗКАЯ ЗАДЕРЖКА ВВОДА\r\n\r\nРаскройте потенциал своих реакций в режиме низкой задержки ввода (Low Input Lag) от AOC. Забудьте украшательства: в этом режиме все ресурсы монитора перебрасываются на обработку отклика, что обеспечивает абсолютное преимущество в нужный момент при спуске курса слабым нажатием.\r\n\r\nAOC G-MENU\r\n\r\nБесплатная утилита AOC G-Menu установлена на вашем компьютере и позволяет полностью настроить игровое оборудование.\r\n\r\nИЗОГНУТОСТЬ 1500R\r\n\r\nИзогнутый дизайн обволакивает вас, помещая в центр действа и обеспечивая погружение в игровой процесс.", "price": "16876.00", "count": 505, "date": "2024-07-02T22:18:13.136Z", "free_delivery": false, "limited": false, "available": true, "views": 21, "rating": 4.0, "tags": [1]}}, {"model": "products.product", "pk": 3, "fields": {"category": 1, "subcategory": 3, "title": "Poco Смартфон M6 8/256 ГБ, серебристый", "description": "Комплектация\r\nСмартфон, адаптер питания, инструкция, инструмент для извлечения сим-карты, кабель USB (Type-C)", "full_description": "Смартфон POCO M6 обладает множеством привлекательных характеристик, которые делают его отличным выбором для пользователей.\r\n\r\nОдной из главных особенностей этого устройства является его дисплей. Диагональ экрана составляет 6.79 дюйма с соотношением сторон 20:9 и разрешением 2400 x 1080 пикселей. Технология IPS обеспечивает яркие и насыщенные цвета.\r\n\r\nПроцессор MediaTek Helio G91 обеспечивает высокую производительность. Он оснащен 8 ядерным процессором с частотой 2,2 ГГц. Графический процессор Mali-G52 MP2 позволяет запускать графически интенсивные приложения и игры без задержек.\r\n\r\nКамера POCO M6 обладает множеством функций, которые позволяют сделать высококачественные фотографии. Основная камера имеет разрешение 108 Мп с оптической стабилизацией изображения и автофокусом. Вспомогательная камера имеет разрешение 2 Мп. Фронтальная камера имеет разрешение 13 Мп.\r\n\r\nАккумулятор емкостью 5030 мАч обеспечивает долгое время работы устройства без необходимости частой зарядки. Благодаря быстрой зарядке мощностью 33 Вт, телефон можно быстро зарядить.", "price": "15018.00", "count": 50, "date": "2024-07-05T21:33:22.582Z", "free_delivery": true, "limited": true, "available": true, "views": 14, "rating": 0.0, "tags": [3]}}, {"model": "products.product", "pk": 4, "fields": {"category": 1, "subcategory": 3, "title": "Tecno Смартфон Spark Go 2024  3/64 ГБ", "description": "Яркий дизайн и ничего лишнего\r\nВстречайте обновленный дизайн с узнаваемым трехкольцевым блоком камер. Корпус выполнен в двух вариантах: яркая переливающаяся разными цветами текстура, а также экокожа Magic Skin 2.0 в свежем оттенке из безвредного экологичного материала. Выбери свой стиль!", "full_description": "Экран 6.6\" с частотой обновления 90 Гц\r\nПогрузись в яркий мир контента на большом экране 6.6”. Благодаря редкому в своем классе соотношению экрана к корпусу 90.5%, ты почувствуешь неповторимое визуальное наслаждение. Частота обновления экрана 90 Гц сделает изображение плавным и приятным. Твой любимый контент — в новом формате\r\nDynamic Port — интерфейс собственной разработки\r\nЗнакомьтесь, новый интерфейс TECNO Dynamic Port встроенный в экран устройства. Интуитивно понятный виджет покажет уведомления, без необходимости постоянно разблокировать экран для просмотра сообщений и переключения приложений. При этом, вы также можете пользоваться смартфоном в привычном режиме\r\n8 Мп селфи-камера с двойной вспышкой\r\nДнем или ночью, в помещении или на улице, твои селфи всегда будут на высоте! В твоем распоряжении камера с разрешением 8 Мп, светочувствительным сенсором, двойной вспышкой и эффектом кольцевой лампы за счет подсветки экрана. А инструменты бьютификации смогут точно подчеркнуть твою красоту!", "price": "6442.00", "count": 250, "date": "2024-07-05T21:36:43.553Z", "free_delivery": false, "limited": true, "available": true, "views": 23, "rating": 0.0, "tags": [3]}}, {"model": "products.product", "pk": 5, "fields": {"category": 1, "subcategory": 3, "title": "Samsung Смартфон Galaxy Z Flip 5 Global 8/256 ГБ", "description": "Samsung Смартфон Galaxy Z Flip 5 Global 8/256 ГБ, светло-зеленый", "full_description": "Смартфон Samsung Galaxy Z Flip 5 является одним из самых инновационных и стильных устройств на рынке. Он сочетает в себе превосходные характеристики, уникальный дизайн и функциональность.\r\n\r\nSamsung Galaxy Z Flip 5 оснащен высококачественным гибким дисплеем, который позволяет смартфону легко складываться в половину размера. Это позволяет устройству стать компактным и удобным для переноски. При этом, когда вы развернете смартфон, вы получите полноценный 6.7-дюймовый экран с яркими цветами и четкими деталями.\r\n\r\nПроизводительность Samsung Galaxy Z Flip 5 обеспечивает мощный процессор и 8 ГБ оперативной памяти. Это позволяет смартфону легко справляться с ресурсоемкими задачами, такими как запуск множества приложений или выполнение сложных игр. Встроенная память на 512 ГБ обеспечит вам достаточно места для хранения ваших фотографий, видео, музыки и других файлов.\r\n\r\nSamsung Galaxy Z Flip 5 также обладает отличной камерой, которая позволит вам делать высококачественные фотографии и видео. Благодаря функциям и настройкам, предоставляемым смартфоном, вы сможете создавать профессиональные снимки и делиться ими с друзьями и близкими.\r\n\r\nОсобенности Samsung Galaxy Z Flip 5 включают поддержку 5G, быструю зарядку батареи и высокую степень безопасности. Смартфон также оснащен NFC-чипом для бесконтактных платежей и разблокировки с помощью отпечатка пальца или лица.\r\n\r\nВ целом, Samsung Galaxy Z Flip 5 является высококлассным смартфоном с уникальным дизайном и мощными характеристиками. Он подойдет тем, кто ищет инновационное и стильное устройство, которое сочетает в себе функциональность и эстетическую привлекательность.\r\nКомплектация\r\nСмартфон, кабель, инструкция, гарантия", "price": "63924.00", "count": 50, "date": "2024-07-05T21:38:35.915Z", "free_delivery": false, "limited": true, "available": true, "views": 6, "rating": 0.0, "tags": [3]}}, {"model": "products.product", "pk": 6, "fields": {"category": 1, "subcategory": 4, "title": "Lenovo Rescuer Y7000P", "description": "Lenovo Lenovo Rescuer Y7000P 2021 Ноутбук 15.6\", Intel Core i5-11400H, RAM 16 ГБ, SSD 512 ГБ, NVIDIA GeForce GTX 1650 (4 Гб), Windows Pro, темно-серый, Английская раскладка", "full_description": "Характеристики:\r\nКорпус\r\nВес, кг\r\n1.87\r\nМатериал корпуса\r\nABS пластик\r\nФорм-фактор ноутбука\r\nУльтрабук\r\nПодсветка клавиатуры\r\nДа\r\nЦвет клавиатуры\r\nтемно-серый\r\nПокрытие корпуса\r\nГлянцевое\r\nПроцессор\r\nПроцессор\r\nIntel Core i5-11400H\r\nМодель процессора\r\nIntel Core i5\r\nБренд процессора\r\nIntel\r\nЧастота процессора, ГГц\r\n2.7\r\nЧисло ядер процессора\r\n6\r\nАккумулятор\r\nВремя автономной работы, ч\r\n12\r\nЕмкость аккумулятора, мАч\r\n4800\r\nТип аккумулятора\r\nLi-ion\r\nКол-во элементов аккумулятора\r\n1\r\nВидеокарта\r\nВидеокарта\r\nNVIDIA GeForce GTX 1650 (4 Гб)\r\nВидеопамять\r\n4 ГБ\r\nТип видеокарты\r\nВстроенная\r\nБренд графического процессора\r\nNVIDIA\r\nПоддержка VR\r\nНет\r\nНакопители данных\r\nОбщий объем SSD, ГБ\r\n512\r\nТип накопителя\r\nSSD\r\nКоличество SSD\r\n1\r\nФорм-фактор SSD\r\nM.2\r\nВстроенное оборудование\r\nМодуль связи Bluetooth\r\n4,0\r\nОптический привод\r\nОтсутствует\r\nСетевая карта\r\n1000 Мбит/с (GE)\r\nРазрешение Web-камеры\r\n3 Мпикс\r\nШторка для веб-камеры\r\nНет\r\nКонфигурация звука\r\n4.2\r\nВстроенные устройства\r\nGPS модуль, Web-камера, Микрофон\r\nМодуль связи WiFi\r\n802.11 a/b/g/n/ac/ax\r\nУстройства ручного ввода\r\nКлавиатура, Мышь\r\nОсобенности устройств ручного ввода\r\nСенсорная полоса прокрутки, Сенсорные кнопки\r\nМодуль сотовой связи\r\nНет\r\nИнтерфейсы и разъемы\r\nИнтерфейсы и разъемы\r\nHDMI, Thunderbolt 4, USB 3.1\r\nКартридер\r\nВстроенная карта памяти\r\nЧисло портов HDMI\r\n1\r\nЧисло портов Thunderbolt\r\n2\r\nЧисло портов USB Type-A 3.2 Gen 1\r\n4\r\nОперативная память\r\nОперативная память\r\n16 ГБ\r\nТип памяти\r\nDDR4\r\nВозможность расширения RAM, до\r\n16 ГБ\r\nФорм-фактор RAM\r\nDIMM\r\nЭкран\r\nДиагональ экрана, дюймы\r\n15.6\r\nТехнология матрицы\r\nIPS\r\nПокрытие экрана\r\nГлянцевое\r\nРазрешение экрана\r\n1920x1080\r\nМакс. частота обновления, Гц\r\n60\r\nСенсорный экран\r\nНет\r\nОсновные\r\nОперационная система\r\nWindows Pro\r\nДополнительные\r\nАртикул\r\n1621208592\r\nБренд\r\nLenovo\r\nЦвет\r\n512G\r\nВерсия Windows\r\nWindows 10 Pro\r\nВерсия MacOS\r\nmacOS 10.13 High Sierra\r\nЧипсет\r\nIntel\r\nРаскладка клавиатуры\r\nАнглийская раскладка\r\nНапряжение адаптера питания\r\n100-240В\r\nГарантийный срок\r\n1 год\r\nСтрана-изготовитель\r\nКитай\r\nСрок службы, лет\r\n10\r\nЕмкость аккумулятора, Втч\r\n4800", "price": "62111.00", "count": 210, "date": "2024-07-07T14:17:17.179Z", "free_delivery": true, "limited": true, "available": true, "views": 2, "rating": 5.0, "tags": [5, 9]}}, {"model": "products.product", "pk": 7, "fields": {"category": 1, "subcategory": 4, "title": "TechnoSpirit v10 Ноутбук 14\"", "description": "TechnoSpirit v10 Ноутбук 14\", Intel Celeron J4105, RAM 8 ГБ, SSD 256 ГБ, Intel UHD Graphics 600, Windows Pro, (Frrby14), серебристый, Русская раскладка", "full_description": "Производительность\r\nУстановлен мощный процессор нового поколения Intel CELERON J4115. Количество ядер напрямую влияет на уровень производительности, ведь каждое ядро может обрабатывать отдельный поток данных. В данном ноутбуке 4 ядра, что обеспечивает очень комфортную работу или даже гейминг. Частота процессора - 1.8 Ghz. Она определяет скорость работы и \"отклика\" устройства.\r\nЯркий дисплей\r\nДисплей с разрешение FullHD, IPS матрицей и диагональю 14,1 позволит ощутить вам максимум ощущений от просмотра различных сериалов или фильмов. А также получить удовольствие от работы с документами.\r\n\r\nПреимущества\r\nКрышка плотно прилегает и не оставляет места для попадания грязи на клавиатуру и дисплей. Корпус изготовлен из ударопрочного материала, а клавиатура и вовсе имеет водонепроницаемые свойства. Компактные размеры позволят носит вашего друга и помощника в рюкзаке.\r\n\r\n8 ГБ + 512 ГБ\r\nВо время работы компьютера именно через оперативную память проходит практически вся обрабатываемая информация. А твердотельный накопитель (SSD) обеспечивает еще более быструю загрузку компьютера, ускоряет передачу данных и повышает пропускную способность.", "price": "21296.00", "count": 250, "date": "2024-07-15T14:55:40.444Z", "free_delivery": true, "limited": true, "available": true, "views": 3, "rating": 5.0, "tags": [7, 9]}}, {"model": "products.product", "pk": 8, "fields": {"category": 1, "subcategory": 4, "title": "ECOMNEX LT3-1 Ноутбук", "description": "Intel Celeron J4125, RAM 8 ГБ, SSD 512 ГБ, Intel UHD Graphics 600, Windows Pro, серебристый, Русская раскладка", "full_description": "Видеокарта\r\nВидеокарта\r\nIntel UHD Graphics 600\r\nВидеопамять\r\n4 ГБ\r\nТип видеокарты\r\nВстроенная\r\nБренд графического процессора\r\nIntel\r\nПроцессор\r\nПроцессор\r\nIntel Celeron J4125\r\nМодель процессора\r\nIntel Core i5\r\nБренд процессора\r\nIntel\r\nЧастота процессора, ГГц\r\n2.7\r\nЧисло ядер процессора\r\n4\r\nИнтерфейсы и разъемы\r\nИнтерфейсы и разъемы\r\n3.5 мм, USB 2.0, USB 3.0, miniHDMI\r\nЧисло портов HDMI\r\n1\r\nНакопители данных\r\nОбщий объем SSD, ГБ\r\n512\r\nТип накопителя\r\nSSD\r\nКоличество SSD\r\n1\r\nОперативная память\r\nОперативная память\r\n8 ГБ\r\nТип памяти\r\nDDR4", "price": "22914.00", "count": 100, "date": "2024-07-15T15:00:52.065Z", "free_delivery": true, "limited": false, "available": true, "views": 0, "rating": 0.0, "tags": [8, 9]}}, {"model": "products.product", "pk": 9, "fields": {"category": 2, "subcategory": 5, "title": "Стиральная машина CHiQ CFL70-12386BM3W", "description": "Стиральная машина CHiQ CFL70-12386BM3W без сушки, загрузка 7,5 кг, скорость отжима 1200 об/мин, инверторный мотор, led-дисплей, 15 программ, белая", "full_description": "Заводские данные\r\nЗагрузка белья, кг 7.5\r\nМаксимальная скорость отжима, об./мин.1200\r\nИнверторный двигатель\r\nДа\r\nРазмеры, мм (ШхГхВ)600*430*847\r\nМатериал барабана Сталь\r\nРаковина в комплекте Нет\r\nШирина, см 60\r\nГлубина, см 52\r\nВысота, см 84.7\r\nВес, кг 60\r\nУправление\r\nТип управления\r\nМеханическое\r\nДозагрузка белья\r\nДа\r\nНаличие дисплея\r\nНет\r\nФункциональные особенности\r\nОчистка барабана\r\nУправление со смартфона\r\nНет\r\nОтложенный старт, ч\r\n24\r\nБезопасность\r\nЗащита от детей\r\nРежимы работы\r\nНаличие сушки\r\nБез сушки\r\nКоличество программ стирки\r\n15\r\nПрограммы стирки: Стирка изделий из хлопка, Стирка изделий из синтетики, Стирка изделий из шерсти, Стирка детской одежды, Стирка рубашек, Ночная стирка, Стирка нижнего белья, Стирка пуховых вещей, Полоскание + отжим, Быстрая стирка, Экономичная стирка, Отжим\r\nОсновные\r\nТип загрузки\r\nФронтальная\r\nКласс энергопотребления\r\nA+++\r\nВид стиральной машины\r\nАвтоматическая", "price": "23451.00", "count": 50, "date": "2024-07-15T15:12:10.252Z", "free_delivery": false, "limited": false, "available": true, "views": 2, "rating": 5.0, "tags": [10]}}, {"model": "products.product", "pk": 10, "fields": {"category": 2, "subcategory": 5, "title": "Candy Стиральная машина CSWS40", "description": "Candy Стиральная машина CSWS40 364D/2-07, белый", "full_description": "Общие данные:\r\n\r\nГабариты: 85x60x44 см\r\n\r\nМаксимальная загрузка: 6 кг\r\n\r\nМаксимальная загрузка при сушке: 4 кг\r\n\r\nСкорость отжима: 1300 об/мин\r\n\r\nКласс стирки: A\r\n\r\nКласс отжима: B\r\n\r\nКласс энергопотребления: B\r\n\r\nПрограммы стирки: 16\r\n\r\nPerfect Mix (стирка смешанных тканей)\r\n\r\nБыстрая стирка 14/30/44 мин\r\n\r\nХлопок\r\n\r\nХлопок (сушка)\r\n\r\nШерсть (низкотемпературная сушка)\r\n\r\nСинтетика (низкотемпературная сушка)\r\n\r\nДеликатная\r\n\r\nПротив аллергии\r\n\r\nЕжедневная за 59 мин\r\n\r\nСтирка + сушка 59 минут\r\n\r\nРучная шерсть/шёлк\r\n\r\nПолоскание\r\n\r\nСлив + отжим\r\n\r\nАвтоматическая стирка-сушка\r\n\r\nДополнительные функции:\r\n\r\nПредварительная стирка\r\n\r\nЛегкая глажка\r\n\r\nОтсрочка старта до 24 часов\r\n\r\nУправление и индикация:\r\n\r\nЭлектронный дисплей\r\n\r\nДополнительная информация:\r\n\r\nДиаметр люка: 35 см\r\n\r\nБелый люк", "price": "29242.00", "count": 12, "date": "2024-07-15T15:15:04.605Z", "free_delivery": true, "limited": false, "available": true, "views": 0, "rating": 0.0, "tags": [10]}}, {"model": "products.product", "pk": 11, "fields": {"category": 2, "subcategory": 5, "title": "Стиральная машина LG F4V5VG2S", "description": "Комплектация\r\nСливной шланг, инструкция", "full_description": "Основные характеристики\r\n- Установка: отдельностоящая \r\n- Конструкция стиральной машины: полноразмерная \r\n- Количество барабанов: 1 \r\n- Тип двигателя: инверторный \r\n \r\n    \r\nОсновной барабан\r\n- Тип загрузки: фронтальная \r\n- Поверхность барабана: пузырьки \r\n- Максимальная загрузка белья: 9 кг \r\n- Максимальная скорость отжима: до 1400 об/мин \r\n- Класс стирки: A \r\n- Класс отжима: A \r\n \r\nСушка\r\n- Сушка: есть \r\n- Максимальная загрузка белья при сушке: до 6 кг \r\n- Программы сушки: стандартная, для глажки, стирка + сушка, деликатная \r\n- Дополнительные программы: EcoHybrid \r\n \r\nУправление\r\n- Тип управления: электронное \r\n- Переключатели: поворотные, сенсорные \r\n- Размещение панели управления: под наклоном \r\n- Количество программ: 12 \r\n- Программы: хлопок, хлопок+, смешанная, повседневная, бесшумная, гипоаллергенная, деликатная, детская одежда, шерсть, спортивная, быстро 30 мин, очистка барабана, моя программа \r\n- Дополнительные программы: интенсивная, полоскание+ \r\n- Функция пар: да \r\n- Поддержка Wi-Fi: да \r\n- Управление c мобильного устройства: да \r\n- Поддержка мобильного приложения: LG SmartThinQ \r\n- Умный дом: LG ThinQ \r\n \r\nТемпературные режимы\r\n- Регулировка температуры стирки: да \r\n- Количество температурных режимов: 5 \r\n- Минимальная температура воды: 20 °С \r\n- Максимальная температура воды: 95 °С \r\n \r\nДисплей\r\n- Цифровой дисплей: да \r\n- Тип дисплея: LED \r\n \r\nТаймер\r\n- Звуковой таймер: да \r\n \r\nИндикация\r\n- Звуковой сигнал окончания стирки: да \r\n- Индикация времени до конца программы: да \r\n- Индикация температуры: да \r\n- Индикация скорости отжима: да \r\n- Индикация блокировки дверцы: да \r\n- Индикация ошибок: да \r\n- Индикация включения/паузы: да \r\n- Индикация цикла стирки: да \r\n \r\nРасход воды\r\n- Расход воды за цикл: 45 л \r\n- Контроль расхода воды: да \r\n \r\nОтжим\r\n- Регулировка скорости отжима: да \r\n- Количество скоростей отжима: 5 \r\n- Отмена отжима: да \r\n \r\nТехнологии\r\n- Технология 6 Motion: да \r\n \r\nЗащита и безопасность\r\n- Защита от детей: да \r\n- Защита от протечек: да \r\n- Система защиты от протечек: частичная \r\n- Блокировка люка во время работы: да \r\n- Контроль пенообразования: да \r\n \r\nЭнергопотребление\r\n- Класс энергопотребления: A \r\n- Энергопотребление за цикл: 1.17 кВт/ч \r\n \r\nОсобенности конструкции\r\n- Направление открывания люка: влево \r\n- Диаметр загрузочного люка: 35 см \r\n- Угол открытия люка: 150 ° \r\n- Регулируемые ножки: да \r\n- Функция очистки барабана: да \r\n \r\nДополнительные функции\r\n- Самодиагностика: да \r\n- Автобаланс: да \r\n- Возможность подключения: холодной воды \r\n- Дополнительная информация: интеллектуальная система определения типа ткани AI DD, мобильная диагностика Smart Diagnosis \r\n \r\nЦвет и материал\r\n- Цвет: серебристый \r\n- Цвет дверцы люка: чёрный \r\n- Материал дверцы люка: закалённое стекло \r\n- Материал барабана: нержавеющая сталь \r\n \r\nКомплектация\r\n- Сливной шланг: да \r\n- Инструкция: да \r\n \r\nРазмеры и вес\r\n- Высота: 85 см \r\n- Ширина: 60 см \r\n- Глубина: 56 см \r\n- Вес: 67 кг.", "price": "54543.00", "count": 25, "date": "2024-07-15T15:17:56.296Z", "free_delivery": true, "limited": false, "available": true, "views": 0, "rating": 0.0, "tags": [10]}}, {"model": "products.product", "pk": 12, "fields": {"category": 2, "subcategory": 6, "title": "Samsung Встраиваемый холодильник BRB 26715EWW", "description": "Встроенный холодильник с No-Frost\r\n\r\nПроизводство Польша", "full_description": "Не тратьте время и силы на разморозку холодильника.\r\n\r\nТехнология No Frost улучшает циркуляцию воздуха для поддержания постоянной температуры, что предотвращает образование льда. Он также намного быстрее достигает желаемой температуры. Система охлаждения используется меньше, поэтому служит дольше.\r\n\r\nТехнология Metal Cooling — это отличная изоляция и исключительная эффективность охлаждения. Специальная металлическая панель задней стенки устройства аккумулирует низкую температуру, благодаря чему отлично удерживает холод внутри холодильника даже при его частом открывании. Это эстетичное и эффективное решение экономит энергию и сокращает время работы устройства.\r\n\r\nУбедитесь, что все ваши продукты должным образом охлаждены. Всестороннее охлаждение равномерно охлаждает каждое отделение от угла к углу. Он постоянно проверяет температуру и циркулирует прохладный воздух через стратегически расположенные вентиляционные отверстия. Таким образом, еда сохраняется при оптимальной температуре и дольше остается свежей.\r\n\r\nТехнология SpaceMax делает стены намного тоньше благодаря высокоэффективной изоляции. Это создает больше пространства внутри, но размер снаружи остается прежним.\r\n\r\nБолее эффективно используйте пространство в дверце холодильника, чтобы хранить там больше продуктов. Конструкция Variety Guard позволяет легко отрегулировать и удобно расположить до 5 дверных полок, чтобы вы могли эффективно расставлять и хранить различные предметы разного размера.\r\n\r\nНаслаждайтесь большей энергоэффективностью, меньшим уровнем шума и более длительным сроком службы. Компрессор с цифровым инвертором автоматически регулирует скорость в соответствии с потребностью в охлаждении. Таким образом, он работает тише и потребляет значительно меньше энергии.\r\n\r\nЧтобы добраться до нужного предмета, вы будете избегать препятствий из предметов. Полка Easy Slide легко выдвигается и помогает вам эффективно хранить, упорядочивать и извлекать продукты. Так вы сможете быстро найти вещи, даже если они находятся в глубине полки или в углу.\r\n\r\nТип холодильника\r\n\r\nС нижней морозильной камерой\r\n\r\nОбщий объем брутто (литры) 267 л\r\n\r\nОбщий объем морозильной камеры (литры) 74 л\r\n\r\nОбщий объем холодильника (литров) 193 л\r\n\r\n20/40/40 ч (контейнер)\r\n\r\n105/57/75/27\r\n\r\nФункция охлаждения\r\n\r\nТип охлаждения Моно Охлаждение\r\n\r\nХолодильник\r\n\r\nКоличество полок (всего) 3 шт.\r\n\r\nВинный стеллаж\r\n\r\nКоличество карманов в двери 6 шт.\r\n\r\nЛоток для яиц (подставка для яиц)\r\n\r\nЗона свежести\r\n\r\nОптимальная зона свежести\r\n\r\nВнутреннее освещение\r\n\r\nКоличество фруктовых ящиков 2 шт.\r\n\r\nФункция морозильной камеры\r\n\r\nПолка Easy Slide\r\n\r\nКоличество ящиков 2 шт.\r\n\r\nУлучшенная функция охлаждения\r\n\r\nГенератор льда\r\n\r\nЛоток для льда\r\n\r\nОсновные функции\r\n\r\nДверная сигнализация\r\n\r\nохлаждающая жидкость газ R600а\r\n\r\nВремя автономной работы (при повышении температуры) 6 ч\r\n\r\nТехнология Metal Cooling\r\n\r\nВнешние функции\r\n\r\nТип экрана Внешний\r\n\r\nЦвет Белый\r\n\r\nРежим отпуска\r\n\r\nЭнергоэффективность Е\r\n\r\nПотребление энергии 231 кВтч\r\n\r\nУровень шума 35 дБА\r\n\r\nКлиматический класс SN/T\r\n\r\nХолодопроизводительность (кг/24ч) 6 кг/24 часа\r\n\r\nМонтаж\r\n\r\nТип монтажа фасадов Жесткое крепление\r\n\r\nГабаритные размеры\r\n\r\nШирина нетто (мм) 540 мм\r\n\r\nЧистая высота корпуса с соединением (мм) 1775 мм\r\n\r\nЧистая глубина с дверной ручкой (мм) 550 мм\r\n\r\nЧистая глубина без двери (мм) 512 мм\r\n\r\nШирина упаковки (мм) 600 мм\r\n\r\nВысота упаковки (мм) 1864 мм\r\n\r\nГлубина упаковки (мм) 629 мм\r\n\r\nВес нетто 64 кг\r\n\r\nВес упаковки (кг) 66 кг", "price": "93176.00", "count": 10, "date": "2024-07-15T15:23:03.778Z", "free_delivery": true, "limited": false, "available": true, "views": 15, "rating": 0.0, "tags": [10, 11]}}, {"model": "products.product", "pk": 13, "fields": {"category": 2, "subcategory": 6, "title": "Weissgauff Холодильник Двухкамерный", "description": "Weissgauff Холодильник Двухкамерный, Двухдверный, шириной 60 см WRK 2000 Total NoFrost Inverter Black Inox, 3 года гарантии, ИНВЕРТОР, Полный No Frost, Тихий режим 40 дБ, Полезный объём 342л, Электронное управление, Супер заморозка 15кг сутки, Зона свежести, LED освещение, А++, черный", "full_description": "Отдельностоящий холодильник двухкамерный Weissgauff для кухни оснащенный инверторным двигателем. Модель выполнена в современном дизайне, сочетающем в себе оттенки черного цвета и темной стали, обладающий полной системой размораживания Total No Frost и фантастической вместительностью - это соотношение превосходной эргономики внутреннего пространства, технологического совершенства и великолепия внешнего дизайна!\r\nГабариты устройства 600 х 685 х 1935 мм  - это оптимальные параметры, при выборе которых инженеры Weissgauff руководствовались целью создать для вас максимально вместительный и функциональный двухдверный холодильник no frost, который при этом окажется удобен в установке и не будет занимать лишнее место на вашей кухне!\r\nОбъем холодильной камеры 245 литров  - дает вам полную уверенность в том, что вы легко сможете разместить в данном холодильнике большом сразу все необходимые продукты. А особая эргономика внутренних полок позволит вам оптимизировать внутреннее пространство камеры в случае необходимости!\r\nОбъем морозильной камеры 97 литров, обеспечит гарантию того, что данная модель предоставит вам достаточно места для заморозки и длительного хранения продуктов!\r\nЗона свежести, оснащенная функцией контроля влажности, позволит подобрать оптимальный режим для хранения овощей, фруктов и других продуктов, требовательных к поддержанию особого микроклимата.\r\nТехнология Multi Air Flow, перенаправляет потоки холодного воздуха в обеих камерах вашего устройства для обеспечения наилучшего эффекта охлаждения помещенных продуктов!\r\nСистема размораживания Total No Frost ( ноу фрост )- это наиболее передовая и эффективная система охлаждения обеих камер устройства (и холодильной, и морозильной), обеспечивающая принудительную циркуляцию холодного воздуха и предотвращающая образование наледи на стенках!\r\nИнверторный двигатель с гарантией 10 лет - это совершенно новая ступень эффективности в сравнении с традиционными линейными моделями! Уменьшенное энергопотребление, минимизация уровня шума, а также увеличение срока службы вашего холодильника с морозилкой - вот лишь некоторые из преимуществ, которые дает инверторная технология в этом замечательном устройстве от Weissgauff!\r\nМощность замораживания до 15 кг/сутки это поистине впечатляющий показатель, позволяющий вам с легкостью разместить в морозильную камеру сразу большой объем свежих продуктов!\r\nМодуль электронного управления TOUCH CONTROL позволит вам буквально в несколько прикосновений настроить параметры холодильника ноу фрост согласно вашим пожеланиям, что сделает работу с данной моделью еще более удобной и комфортной!\r\nФункция суперзаморозки способна перевести морозильное отделение на максимально низкую температуру на короткий срок, позволяя тем самым быстро и эффективно заморозить свежие продукты, помещенные в морозильную камеру!\r\nКласс энергопотребления А++ позволит вам еще раз убедиться в том, что Weissgauff способны создавать по-настоящему эффективные устройства, не расходующие при этом больше электричества, чем необходимо!\r\nLED-освещение, автоматически активирующееся при открывании дверцы холодильной камеры, наполнит ваш холодильник мягким и кристально чистым светом, позволяющим легко увидеть все расположенные в нем продукты!\r\nПеренавешиваемые двери позволят вам самостоятельно выбрать, в какую сторону будет осуществляться открывание холодильника, что особенно важно при планировании его размещения на кухне!\r\nПолки, выполненные из закаленного стекла, это уверенность в их надежности и долговечности, ведь мы в Weissgauff знаем, как важно внимание к каждой детали, когда речь идет о действительно качественной бытовой технике!", "price": "43813.00", "count": 100, "date": "2024-07-15T15:26:53.471Z", "free_delivery": false, "limited": false, "available": true, "views": 1, "rating": 0.0, "tags": [10, 12]}}, {"model": "products.product", "pk": 14, "fields": {"category": 2, "subcategory": 6, "title": "Холодильник Side by Side ATLANT холодильник Х-1602-100", "description": "Холодильник Side by Side ATLANT холодильник Х-1602-100 + морозильник М-7606-102 N", "full_description": "Комбинация SIDE-BY-SIDE\r\nКомпания ЗАО «АТЛАНТ» представила на рынок комбинацию Side-by-Side, которая складывается из Холодильника X-1602 и морозильника М-7606-1Х2-N.\r\nЗаголовок\r\nПРИВЛЕКАТЕЛЬНЫЙ ВНЕШНИЙ ВИД\r\nКомбинация имеет вместительный объем и различные функции, которые облегчают хранение продуктов. Помимо этого, оба отделения можно установить отдельно друг от друга в разных местах. Комбинация представлена в трех цветовых исполнениях – белый, под нержавеющую сталь и черный металлик.\r\nПоддон для замораживания ягод и других мелких продуктов\r\nДля быстрого замораживания ягод, грибов, пельменей, небольших кусков мяса предусмотрен специальный поддон, на котором раскладывают продукты так, чтобы они не касались друг друга.\r\nДве емкости Slim Space\r\nВ емкостях Slim Space хранят крабовые палочки, сосиски, мороженое. Если снять одну из емкостей, то в другой можно разместить упаковку побольше.\r\nРучка со встроенным толкателем\r\nМеханизм Easy Open сокращает усилия при открывании, делая эксплуатацию более эргономичной.\r\nПанель управления Touch Control\r\nСветодиодная индикация на кнопках панели управления помогает комфортней управлять электронным терморегулятором.\r\nSuper Fresh Box и Hydro Balance Zone\r\nВ сосуде с регулируемым уровнем влажности Hydro Balance Zone и возможностью герметичного хранения, овощи, фрукты и зелень сохраняют свой вкус и сочность намного дольше.  А в зоне свежести Super Fresh Box постоянно поддерживается оптимальная температура и подходящая влажность, за счет чего продукты всегда имеют свежий вкус и отличную сохранность.", "price": "71541.00", "count": 250, "date": "2024-07-15T15:32:37.268Z", "free_delivery": true, "limited": true, "available": true, "views": 3, "rating": 5.0, "tags": [10, 13]}}, {"model": "products.product", "pk": 15, "fields": {"category": 2, "subcategory": 7, "title": "Умный кондиционер, настенная сплит-система от МТС Умный дом", "description": "Умный кондиционер от МТС Умный дом - ваш надёжный помощник!\r\nНаполнит ваш дом уютом и сделает пространство комфортным для жизни. Сплит-система с лаконичным дизайном идеально подойдёт для любого интерьера. Устройством можно управлять удалённо с помощью приложения МТС Умный дом.", "full_description": "Особенности\r\nБесшумная работа\r\nКондиционер для дома работает почти бесшумно — он не будет мешать вашему отдыху и сну.\r\n\r\nУдобство использования\r\nКондиционер имеет 5 режимов работы, 4 скорости и регулируемые жалюзи — для любого времени года и любых нужд.\r\n\r\nЧистый воздух дома\r\nФильтр, который установлен в кондиционер для комнаты, задерживает пыль, тополиный пух и шерсть животных.\r\nКонтроль над вашим домом всегда под рукой\r\nУправляйте умными устройствами с помощью приложения МТС Умный дом. Настройте освещение, температуру, безопасность и другие параметры прямо с мобильного устройства.", "price": "20624.00", "count": 30, "date": "2024-07-15T15:38:55.862Z", "free_delivery": true, "limited": false, "available": true, "views": 1, "rating": 0.0, "tags": [14]}}, {"model": "products.product", "pk": 16, "fields": {"category": 2, "subcategory": 7, "title": "Инверторный кондиционер сплит-система Viomi Cross 9000BTU", "description": "Инверторный кондиционер сплит-система Viomi Cross 9000BTU, Wi-fi, Уф лампа, площадь до 25 кв.м, белый", "full_description": "ГАРАНТИЯ 3 ГОДА С МОМЕНТА ПОКУПКИ.\r\n\r\nИнтеллектуальный инверторный кондиционер с функцией охлаждения и обогрева и технологией 3D AirFlow.\r\n\r\nШторка кондиционера имеет рельеф, напоминающий мяч для гольфа, — такое творческое конструктивное решение делает обдув мягче. Интеллектуальные охлаждение и обогрев.\r\n\r\nИнверторная конструкция позволяет автономно поддерживать температуру на заданном уровне: после достижения установленного значения, кондиционер автоматически поддерживает стабильную и экономичную работу, повышая эффективность и продлевая срок службы устройства.\r\n\r\nГолосовое управление и управление через приложение.\r\n\r\nВстроенное голосовое управление Viomi  отличается высокой скоростью распознавания, а также быстрой активацией сценариев умного дома. Работает с голосовыми помощниками Алиса и Google Assistant. Подключение к приложению MiHome, совместимость с последними системами Android и IOS.\r\n\r\nФоточувствительный стерилизационный УФ-модуль имеет излучение диапазоне 260 ~ 280 нм. При облучении микроорганизмов, оно может проникнуть через клеточную мембрану и ядро, разрушать молекулярные связи ДНК, тем самым подавляя их способность к репликации и активность.\r\n\r\nРежимы обдува вверх и вниз, влево и вправо позволят вам настроить комфортную траекторию обогрева или охлаждения комнаты.\r\n\r\nБлагодаря специальным насечкам внутри медной трубки спирали площадь контакта меди и хладагента кратно повышается, и эффективность теплообмена возрастает примерно на 30-50％. Скорость охлаждения Viomi Cross по сравнению с предыдущими поколениями возросла в 6 раз, а обогрева — в 9. \r\n\r\nНа испарителе используется гидрофильное покрытие. Когда вы нажимаете на кнопку самоочистки на пульте, поверхность испарителя быстро охлаждается и покрывается инеем — расширяясь и замерзая, влага выталкивает с поверхности трубки всю накипь и грязь. Затем кондиционер также быстро нагревается, иней смывается, а испаритель остается чистым и абсолютно сухим — без неприятных запахов и бактерий.\r\n\r\nViomi Cross поставляется в двух цветах: темно-сером и белом. Так же вы можете выбрать кондиционер подходящей мощности, в линейке Viomi представлены версии 9 000 BTU (охлаждает около 25 кв.м), 12 000 BTU (охлаждает до 35 кв.м), 18 000 BTU (охлаждает до 50 кв.м).", "price": "37670.00", "count": 15, "date": "2024-07-15T15:43:30.246Z", "free_delivery": true, "limited": true, "available": true, "views": 8, "rating": 3.0, "tags": [14, 15]}}, {"model": "products.product", "pk": 17, "fields": {"category": 1, "subcategory": 3, "title": "realme Смартфон C67 8/256 ГБ, черный", "description": "realme Смартфон C67 8/256 ГБ, черный", "full_description": "Ваш индивидуальный стиль\r\nЭффектный глянцевый корпус с закругленными гранями смотрится ярко и стильно. Несмотря на большие размеры и вес 185 г, телефон уверенно лежит в руке, не скользит.  Эффективность и быстродействие\r\nСмартфон на базе 8-ядерного процессора Qualcomm Snapdragon с частотой обновления 2.8 Ггц обрабатывает данные с высокой скоростью, работает без задержек и зависаний. Оперативная память 8 ГБ повышает эффективность в режиме многозадачности, позволяя быстро переключаться между приложениями.\r\n\r\nХраните фото, видео, аудиозаписи и другие файлы во встроенной памяти устройства. Объем хранилища составляет 256 ГБ.\r\nБольшой яркий экран\r\nБезрамочный LCD-экран с диагональю 6.72 дюйма отлично подходит для чтения, просмотра видеоконтента, переписок в мессенджерах или игр. Разрешение 2400x1080 пикселей, яркие насыщенные цвета, хорошее качество изображения и минимальное излучение синего цвета обеспечивают комфорт для глаз даже при длительном использовании телефона.\r\nКамера для качественных фото\r\nТелефон создан для фотографий, которые запечатлеет самые яркие моменты жизни. Основная камера 50 Мп делает качественные детализированные снимки, сохраняя естественные насыщенные цвета. Для макросъемки предусмотрена камера 2 Мп, а при помощи фронтальной камеры 8 Мп вы получите четкие селфи. Снимайте видео в качестве до 1080 p с частотой кадров до 30 в секунду. Цифровая стабилизация изображения компенсирует дрожание рук.\r\nСвязь и интерфейсы\r\nДва слота для nano-SIM позволят установить две SIM-карты одновременно. Также можно установить дополнительную карту памяти SD или microSD и увеличить общий объём внутренней памяти до 1 ТБ.\r\n\r\nТелефон поддерживает все основные стандарты связи 2G, 3G. 4G (LTE). Для беспроводного подключения к Интернет предусмотрен встроенный модуль Wi-Fi. При помощи модуля Bluetooth 5.3 можно подключить к смартфону смарт-часы или беспроводные наушники. Для проводных наушников есть стандартный разъем 3.5 Jack. Для зарядки или синхронизации телефона с ноутбуком используется разъем USB Type-C.\r\nПродуманная безопасность\r\nСмартфон realme C67 заботится о конфиденциальности данных. Он надежно защищен от несанкционированного доступа. Предусмотрен сканер отпечатка пальца на боковой панели и функция распознавания лица, благодаря чему посторонний человек никогда не сможет воспользоваться вашим смартфоном.", "price": "15715.00", "count": 123, "date": "2024-07-17T21:35:59.091Z", "free_delivery": true, "limited": false, "available": true, "views": 3, "rating": 0.0, "tags": [3, 16]}}, {"model": "products.product", "pk": 18, "fields": {"category": 1, "subcategory": 3, "title": "Samsung Смартфон A24 6/128 ГБ, зеленый", "description": "Samsung Смартфон A24 6/128 ГБ, зеленый\r\nКомплектация\r\nСмартфон, USB-кабель Type-C, инструмент для извлечения SIM-карты, руководство пользователя, гарантийный талон", "full_description": "Яркий\r\nAMOLED-экран диагональю 6.5 дюйма поддерживает разрешение стандарта FHD+. Это значит, что он воспроизводит четкую, контрастную картинку, яркость которой может достигать 1000 нит. Заботливый\r\nВ смартфоне реализована технология автоматического снижения интенсивности синего спектра. Благодаря ей минимизируется нагрузка на органы зрения, при этом изображение сохранит свои параметры.\r\nМощный\r\nSamsung A245 Galaxy A24 с поддержкой двух SIM-карт работает на базе восьмиядерного процессора. Его дополняет оперативная память 6 ГБ. Такой союз обеспечивает высокую производительность: программы и ОС загружаются быстро и не зависают. \r\nВпечатляющий\r\nУ смартфона четыре камеры: фронтальная 13 Мп, ультраширокоугольная 5 Мп, основная 50 Мп и камера для макросъемки 2 Мп. Снимки получаются детализированными даже при слабом освещении. Фото и видео не размываются — четкость достигается за счет системы оптической стабилизации.\r\n\r\nВместительный\r\nВесь пользовательский контент размещается во встроенной памяти объемом 128 ГБ. При необходимости хранилище можно увеличить до 1 ТБ, установив карту памяти формата microSD.\r\n\r\nАвтономный\r\nSamsung A245 Galaxy A24 оснащен аккумулятором емкостью 5 000 мА*ч. Его полного заряда хватает почти на два дня непрерывной работы.\r\n\r\nБезопасный\r\nСпециальная технология «Безопасная папка» усиливает защиту личных данных, хранящихся в телефоне, за счет создания дополнительного зашифрованного пространства внутри устройства. Разблокировка происходит по отпечатку пальца.", "price": "17462.00", "count": 121, "date": "2024-07-17T21:38:13.259Z", "free_delivery": true, "limited": true, "available": true, "views": 0, "rating": 0.0, "tags": [3, 11]}}, {"model": "products.product", "pk": 19, "fields": {"category": 1, "subcategory": 3, "title": "Tecno Смартфон CAMON 30 Pro 5G 12/256GB", "description": "Комплектация\r\nАдаптер питания; Чехол; Проводная гарнитура; Кабель type-c - type-c", "full_description": "Смартфон Tecno CAMON 30 Pro 5G 12/256GB Basaltic Dark", "price": "27108.00", "count": 123, "date": "2024-07-17T21:39:45.400Z", "free_delivery": true, "limited": true, "available": true, "views": 1, "rating": 0.0, "tags": [3, 17]}}, {"model": "products.product", "pk": 20, "fields": {"category": 1, "subcategory": 8, "title": "Смарт часы 2024 Series PRO", "description": "Смарт часы 2024 Series PRO, мужские, женские с влагозащитой / Умные часы, дисплей 45 mm.", "full_description": "Смарт часы нового поколения\r\nУмные часы Series PRO новинка 2024 года с улучшенным AMOLED экраном стали еще более мощными. Наручные часы помогут проверять уведомления, отвечать на звонки, переключать музыку и заниматься спортом.\r\n\r\nSmart Watch Series PRO подходят для всех моделей смартфонов на Android и iOS. Смарт-часы отлично работают с iPhone и любыми смартфонами на базе Android.", "price": "2741.00", "count": 1231, "date": "2024-07-17T21:43:33.117Z", "free_delivery": true, "limited": false, "available": true, "views": 0, "rating": 0.0, "tags": [2, 18]}}, {"model": "products.product", "pk": 21, "fields": {"category": 1, "subcategory": 8, "title": "Умные часы Titanium Special Edition", "description": "Умные часы Titanium Special Edition 2024, три ремешка, NEW Model 4, 46mm", "full_description": "Умные часы Special Edition 2024 Model 4 STAR SOCKET\r\nИнновационное устройство, способное удовлетворить самые взыскательные потребности современного пользователя. Они обладают рядом уникальных особенностей, которые делают их незаменимыми в повседневной жизни.\r\n\r\nКомплектация\r\n•Смарт часы\r\n•Металлический ремешок\r\n•Силиконовый ремешок\r\n•Кожаный ремешок\r\n•Беспроводная зарядка (таблетка) \r\n•Инструкция на русском языке\r\n•Qr-код на видео инструкцию", "price": "5200.00", "count": 1231, "date": "2024-07-17T21:44:46.912Z", "free_delivery": false, "limited": false, "available": true, "views": 0, "rating": 0.0, "tags": [2, 18]}}, {"model": "products.product", "pk": 22, "fields": {"category": 3, "subcategory": 9, "title": "Туфли Thomas Munz", "description": "Туфли Thomas Munz", "full_description": "Описание\r\nТуфли женские на среднем каблуке шпильке 8,5 см натуральная кожа весенние и осенние выполнены в стиле лаковые лодочки с острым носом. Модель с закрытой пяткой имеет закрытый мысок. Лакированные демисезонные туфли на небольшом устойчивом каблуке с удобной колодкой пригодятся на лето, как сменка для работы, свидания, на праздник 8 марта и новый год. Элегантные кожаные натуральные туфли на тонком каблуке классика подходят как для повседневной носки, так и для танцев на вечеринке. Удобные повседневные, праздничные или вечерние туфли на невысоком каблуке рюмочка для женщин дополнят любой образ или наряд, подходят под юбку, платье, брюки. Стильные остроносые женские или молодежные закрытые туфли на низкой подошве 0,3 см с острым носком без застежек могут подойти как вторая или сменная обувь для офиса и в школу круглый год, для корпортива. Такая офисная женская обувь на рюмке выглядит модно. Легкие и мягкие летние танцевальные или школьные туфли для подростка девочки пригодятся на выпускной и 1 сентября. Красивые и модные темные женские или подростковые туфли с каблуком весна осень легко комбинируются с нарядными и повседневными вещами. Подходит эта брендовая немецкая обувь как свадебные туфли для подружек невесты на свадьбу и девичник. Натуральные материалы снижают вероятность натирания мозолей. Туфли удобны на узкую и среднюю стопу. Кожанные темные серые туфли на черной подошве не имеют декоративные элементы. Изготовлены классические туфли из натуральной кожи из спилка КРС темного серого цвета с лаковым покрытием. Подкладка темно серая, из свиной натуральной кожи. Стелька темно серая, из натуральной кожи шевро. Подошва из резины прочная и износостойкая, с высокими противоскользящими свойствами. Каблук крашеный, с набойкой. Комфортны весенние и летние туфли на узкую ногу и ножку средней обычной полноты. Высота голенища 5,5 см, с 37 размера прибавляется 2 мм к каждому размеру. Температурный режим минимум плюс 5. Вес пары около 740 гр.", "price": "7583.00", "count": 25, "date": "2024-07-25T16:41:59.693Z", "free_delivery": true, "limited": false, "available": true, "views": 0, "rating": 0.0, "tags": [19, 21]}}, {"model": "products.product", "pk": 23, "fields": {"category": 3, "subcategory": 9, "title": "Лоферы Artarianna", "description": "Тренд 2024г\r\nНеотразимый вид и удобство - вот что делает эти замшевые женские лоферы настоящим must-have этого лета 2024!", "full_description": "Комфорт\r\nШирокая посадка позволит комфортно чувствовать себя в течение всего дня, не стесняя движения ног\r\nДизайн\r\n\r\nИх классический дизайн и комфортная подошва делают их идеальным вариантом обуви как для повседневной носки, так и для особых случаев", "price": "3230.00", "count": 515, "date": "2024-07-25T16:44:38.984Z", "free_delivery": false, "limited": false, "available": true, "views": 0, "rating": 0.0, "tags": [20, 21]}}, {"model": "products.product", "pk": 24, "fields": {"category": 3, "subcategory": 9, "title": "Кроссовки", "description": "Представляем вашему вниманию кроссовки женские - идеальный выбор для спорта и активного отдыха в любое время года.", "full_description": "Они изготовлены из высококачественных материалов, что делает их исключительно удобными и прочными, а также обеспечивает надежность и долговечность эксплуатации. Отлично подходят для фитнеса и других видов спорта, а также для повседневной носки. Так же невероятно легкие и дышащие, что обеспечивает комфорт при длительных тренировках. Кроме того, благодаря прочному и мягкому текстильному материалу, из которого изготовлены, идеально подойдут для 2023 сезона. Кроссовки идеально подойдут для жаркого дня, когда хочется чувствовать себя комфортно и свободно, но при этом сохранить спортивный стиль. Кроме того могут использоваться как кеды в зависимости от ситуации. Подходят для подростковых луков и для девочек, танцев спортивных тренировок, а также для повседневной носки. Высокий подъем обеспечивает надежную фиксацию ноги и добавляет спортивный характер. Пользуются большой популярностью среди спортсменок и просто модных девушек. Созданы с использованием передовых технологий, которые обеспечивают оптимальную амортизацию и прекрасную посадку. Прочные тканевые и тряпочные обеспечивает высокую прочность и легкость, а специальная подошва обеспечивает хорошее сцепление с поверхностью и защиту от скольжения. Кроме того, наша обувь идеально подходят для осеннего сезона, особенно если вы предпочитаете беговые тренировки. Легко моются очень износостойкие и отлично держат тепло. К вашим услугам широкий выбор цветов. Независимо от того, какую спортивную дисциплину вы предпочитаете, спортивные кроссовки подарят вам комфорт и защиту во время тренировок. Идеально подходят для фитнеса легкого кроссового бега, аэробики и других активных видов спорта. Удобные легкие. Если вы хотите найти подходящие кроссовки которые сочетают в себе стиль комфорт и функциональность, на платформе - это то, что вам нужно. Так что поспешите и сделайте заказ прямо сейчас, пока еще есть в наличии!", "price": "1658.00", "count": 1231, "date": "2024-07-25T16:47:12.275Z", "free_delivery": true, "limited": false, "available": true, "views": 0, "rating": 0.0, "tags": [21]}}, {"model": "products.product", "pk": 25, "fields": {"category": 3, "subcategory": 10, "title": "Полуботинки рабочие", "description": "Длина стопы 26 см. Длина стельки 28 см. Полнота R (средняя)", "full_description": "Рабочие ботинки-  высокое качество и защитные функции делают их идеальными для работы на стройке, складе или в логистике. Рабочие полуботинки подойдут для повседневного использования. Легкий вес и дышащий материал позволяют носить их каждый день, высокое качество материалов гарантирует долговечность. Демисезонная обувь изготовлена из качественных современных обувных материалов, что обеспечивает необходимые защитные функции обуви и значительно уменьшает массу. Подкладка выполнена из влаговыводящей текстильной 3-D сетки (типика), благодаря чему обеспечивается оптимальный микроклимат, т.к. происходит циркуляция воздуха. Промежуточный слой подошвы выполнен из равномерного микроскопического вспененного полиуретана, который обеспечивает легкость обуви и амортизацию всей стопы — это снижает ударную нагрузку на суставы и позвоночник. Ходовой монолитный слой изготовлен из более плотного и износостойкого полиуретана, с улучшенным сопротивлением скольжению, обладающего стойкостью к деформациям и стиранию. Объемная колодка специальной конструкции дает возможность работать целый день, не испытывая дискомфорта и усталости. Рабочие мужские ботинки — это удобная и надежная спецобувь для мужчин, которые проводят много времени на работе или на отдыхе на природе. Изготовлены из прочных и износостойких материалов, что обеспечивает долгий срок службы обуви. Подходят как для работы, так и для охоты и рыбалки, благодаря удобной посадке и надежной защите ноги. Благодаря специальным технологиям и материалам, эти ботинки обеспечивают комфорт и безопасность в любых условиях.", "price": "2402.00", "count": 213, "date": "2024-07-25T16:52:37.056Z", "free_delivery": false, "limited": false, "available": true, "views": 0, "rating": 5.0, "tags": [22]}}, {"model": "products.product", "pk": 26, "fields": {"category": 3, "subcategory": 10, "title": "Туфли Arsman", "description": "Туфли мужские Arsman на шнурках с верхом из 100% натуральной кожи, с прямой подошвой.", "full_description": "Предназначены для повседневной носки. Не предназначены для хождения по воде. Не предназначены для эксплуатации в агрессивных средах. Чистка обуви с применением химических растворителей недопустима Удаление грязи с верха обуви следует производить сухой чистой щеткой, допускается лёгкая поверхностная влажная очистка.", "price": "2162.00", "count": 123, "date": "2024-07-25T16:56:23.552Z", "free_delivery": true, "limited": false, "available": true, "views": 1, "rating": 4.5, "tags": [22, 23]}}, {"model": "products.product", "pk": 27, "fields": {"category": 3, "subcategory": 10, "title": "Берцы Arsman", "description": "На охоте и рыбалке часто приходится заходить в труднодоступные места и демисезонные берцы бренда «ARSMAN» без проблем справятся с этой задачей.", "full_description": "Они устойчивы к деформации, но при этом имеют легкий вес и обладают повышенным комфортом при носке. Материал верха - натуральная кожа и Кордура. Подклада - текстиль. Подошва маслобензостойкая, выполнена из каучука повышенной прочности. Удобная колодка. В них можно как просто гулять по городу, так и ходить в поход. Кордура позволяет ногам дышать и не потеть даже в самые жаркие дни, обеспечивает надежную вентиляцию и позволяет ногам оставаться свежими и сухими в любых условиях. Подходят для любителей активного отдыха, спорта, охоты или рыбалки, а так же для профессионалов военной сферы, которые ценят комфорт и надежность. Подошва легкая и обладает отличной эргономикой и великолепно амортизирует нагрузки. Также, стоит отметить, что берцы с кордурой имеют стильный дизайн, который позволяет сочетать их с любой одеждой и обувать их в повседневной жизни. Они отлично смотрятся с джинсами, брюками и спортивной одеждой. это отличный выбор для тех, кто ищет комфорт и функциональность в одной обуви. Данная модель - унисекс, подойдет как мужчинам так и женщинам. Нашим брендом преставленны большое количество разновидностей берцев. Заходите к нам на страницу, и выбирайте что вам по душе и конечно же не забывайте добавлять нас в избранное. Удачных Вам покупок. С уважением компания «ARSMAN»", "price": "2848.00", "count": 515, "date": "2024-07-25T16:59:48.580Z", "free_delivery": true, "limited": false, "available": true, "views": 0, "rating": 4.0, "tags": [22, 23]}}, {"model": "products.cart", "pk": 4, "fields": {"profile": 1, "session_key": null}}, {"model": "products.cart", "pk": 5, "fields": {"profile": null, "session_key": "t9ez3vti57zh6bj2ig95u199n600hrgc"}}, {"model": "products.cart", "pk": 6, "fields": {"profile": null, "session_key": "qwj16pgly3slth4wm0qcsets3m9pl1pz"}}, {"model": "products.cart", "pk": 8, "fields": {"profile": 3, "session_key": null}}, {"model": "products.cart", "pk": 9, "fields": {"profile": null, "session_key": "6i3am6vkd9wsmprpsda9jq63thj4zg2c"}}, {"model": "products.cart", "pk": 10, "fields": {"profile": null, "session_key": "66dw9ahewx2d40iji1asjb81kdet3l3g"}}, {"model": "products.cart", "pk": 11, "fields": {"profile": null, "session_key": "e7in9nim7wa0iipc91kvbqhe87j7sa6q"}}, {"model": "products.cart", "pk": 12, "fields": {"profile": null, "session_key": "tvoy8wgtwhp3jg7fzkcoqbcn10muvh19"}}, {"model": "products.cart", "pk": 13, "fields": {"profile": null, "session_key": "foqzdn63axhkknvpuiywc0t54f2pqtjt"}}, {"model": "products.cart", "pk": 15, "fields": {"profile": 4, "session_key": null}}, {"model": "products.cart", "pk": 16, "fields": {"profile": null, "session_key": "04qvzotmowdluhkfd7h4l1odk1k9vobz"}}, {"model": "products.cart", "pk": 17, "fields": {"profile": null, "session_key": "wclzcsug64si7dd93q5nulol00vfrrs8"}}, {"model": "products.cartitem", "pk": 15, "fields": {"cart": 5, "product": 2, "count": 2, "date_added": "2024-07-09T01:04:00.932Z"}}, {"model": "products.cartitem", "pk": 16, "fields": {"cart": 6, "product": 5, "count": 1, "date_added": "2024-07-09T07:22:03.625Z"}}, {"model": "products.cartitem", "pk": 18, "fields": {"cart": 8, "product": 5, "count": 1, "date_added": "2024-07-09T08:18:30.545Z"}}, {"model": "products.cartitem", "pk": 19, "fields": {"cart": 9, "product": 4, "count": 1, "date_added": "2024-07-09T17:18:38.711Z"}}, {"model": "products.cartitem", "pk": 38, "fields": {"cart": 4, "product": 1, "count": 1, "date_added": "2024-07-17T21:31:33.158Z"}}, {"model": "products.cartitem", "pk": 39, "fields": {"cart": 4, "product": 2, "count": 1, "date_added": "2024-07-17T21:31:33.169Z"}}, {"model": "products.cartitem", "pk": 40, "fields": {"cart": 4, "product": 3, "count": 2, "date_added": "2024-07-23T19:59:47.374Z"}}, {"model": "products.cartitem", "pk": 41, "fields": {"cart": 4, "product": 9, "count": 1, "date_added": "2024-07-23T20:00:29.436Z"}}, {"model": "products.sale", "pk": 1, "fields": {"product": 2, "sale_price": "8000.00", "date_from": "2024-07-05", "date_to": "2024-07-17"}}, {"model": "products.sale", "pk": 3, "fields": {"product": 1, "sale_price": "500.00", "date_from": "2024-07-03", "date_to": "2024-07-17"}}, {"model": "products.sale", "pk": 4, "fields": {"product": 3, "sale_price": "10000.00", "date_from": "2024-07-17", "date_to": "2024-07-22"}}, {"model": "products.sale", "pk": 5, "fields": {"product": 9, "sale_price": "18000.00", "date_from": "2024-07-17", "date_to": "2024-07-31"}}, {"model": "products.sale", "pk": 6, "fields": {"product": 13, "sale_price": "37500.00", "date_from": "2024-07-17", "date_to": "2024-07-30"}}, {"model": "orders.order", "pk": 1, "fields": {"profile": 1, "created_at": "2024-07-09T17:41:51.560Z", "delivery_type": "express", "payment_type": "online", "total_cost": "17376.00", "status": "ожидает оплаты", "city": "Bald", "address": "Bald"}}, {"model": "orders.order", "pk": 3, "fields": {"profile": 1, "created_at": "2024-07-09T17:43:16.293Z", "delivery_type": "ordinary", "payment_type": "online", "total_cost": "75090.00", "status": "оплачено", "city": "Bald", "address": "Bald"}}, {"model": "orders.order", "pk": 4, "fields": {"profile": 1, "created_at": "2024-07-09T17:44:14.260Z", "delivery_type": "express", "payment_type": "online", "total_cost": "32710.00", "status": "оплачено", "city": "Moscow", "address": "Moscow"}}, {"model": "orders.order", "pk": 5, "fields": {"profile": 1, "created_at": "2024-07-09T17:44:19.507Z", "delivery_type": "express", "payment_type": "someone", "total_cost": "33210.00", "status": "ожидает оплаты", "city": "Moscow", "address": "Moscow"}}, {"model": "orders.order", "pk": 6, "fields": {"profile": 1, "created_at": "2024-07-09T17:54:00.757Z", "delivery_type": "express", "payment_type": "someone", "total_cost": "20018.00", "status": "ожидает оплаты", "city": "Moscow", "address": "Moscow"}}, {"model": "orders.order", "pk": 7, "fields": {"profile": 1, "created_at": "2024-07-09T18:09:51.123Z", "delivery_type": "express", "payment_type": "online", "total_cost": "17384.00", "status": "оплачено", "city": "Moscow", "address": "Moscow"}}, {"model": "orders.order", "pk": 8, "fields": {"profile": 1, "created_at": "2024-07-12T21:03:40.147Z", "delivery_type": "ordinary", "payment_type": "online", "total_cost": "68553.00", "status": "оплачено", "city": "Moscow", "address": "Moscow"}}, {"model": "orders.order", "pk": 9, "fields": {"profile": 1, "created_at": "2024-07-12T21:47:23.646Z", "delivery_type": "express", "payment_type": "someone", "total_cost": "67924.00", "status": "ожидает оплаты", "city": "Moscow", "address": "Moscow"}}, {"model": "orders.order", "pk": 10, "fields": {"profile": 1, "created_at": "2024-07-16T18:34:43.589Z", "delivery_type": "express", "payment_type": "someone", "total_cost": "25124.00", "status": "ожидает оплаты", "city": "Moscow", "address": "Moscow"}}, {"model": "orders.order", "pk": 11, "fields": {"profile": 1, "created_at": "2024-07-16T18:55:07.244Z", "delivery_type": "express", "payment_type": "someone", "total_cost": "22624.00", "status": "ожидает оплаты", "city": "Moscow", "address": "Moscow"}}, {"model": "orders.order", "pk": 12, "fields": {"profile": 1, "created_at": "2024-07-16T19:50:02.223Z", "delivery_type": "express", "payment_type": "someone", "total_cost": "18376.00", "status": "ожидает оплаты", "city": "Moscow", "address": "Moscow"}}, {"model": "orders.order", "pk": 13, "fields": {"profile": 1, "created_at": "2024-07-16T22:41:56.195Z", "delivery_type": "ordinary", "payment_type": "online", "total_cost": "37670.00", "status": "оплачено", "city": "Moscow", "address": "Moscow"}}, {"model": "orders.order", "pk": 15, "fields": {"profile": 1, "created_at": "2024-07-16T22:48:43.595Z", "delivery_type": "express", "payment_type": "someone", "total_cost": "72041.00", "status": "оплачено", "city": "Moscow", "address": "Moscow"}}, {"model": "orders.order", "pk": 16, "fields": {"profile": 4, "created_at": "2024-07-16T22:51:34.179Z", "delivery_type": "", "payment_type": "", "total_cost": "60689.00", "status": "в доработке", "city": "", "address": ""}}, {"model": "orders.order", "pk": 17, "fields": {"profile": 4, "created_at": "2024-07-16T23:02:02.924Z", "delivery_type": "express", "payment_type": "someone", "total_cost": "61189.00", "status": "ожидает оплаты", "city": "Moscow", "address": "Moscow"}}, {"model": "orders.order", "pk": 18, "fields": {"profile": 4, "created_at": "2024-07-16T23:07:17.530Z", "delivery_type": "express", "payment_type": "someone", "total_cost": "52313.00", "status": "оплачено", "city": "Moscow", "address": "Moscow"}}, {"model": "orders.order", "pk": 19, "fields": {"profile": 1, "created_at": "2024-07-23T19:59:55.627Z", "delivery_type": "", "payment_type": "", "total_cost": "47959.00", "status": "в доработке", "city": "", "address": ""}}, {"model": "orders.orderproduct", "pk": 1, "fields": {"order": 1, "product": 2, "count": 1}}, {"model": "orders.orderproduct", "pk": 2, "fields": {"order": 2, "product": 3, "count": 1}}, {"model": "orders.orderproduct", "pk": 3, "fields": {"order": 3, "product": 3, "count": 1}}, {"model": "orders.orderproduct", "pk": 4, "fields": {"order": 4, "product": 4, "count": 1}}, {"model": "orders.orderproduct", "pk": 5, "fields": {"order": 5, "product": 4, "count": 1}}, {"model": "orders.orderproduct", "pk": 6, "fields": {"order": 6, "product": 3, "count": 1}}, {"model": "orders.orderproduct", "pk": 7, "fields": {"order": 7, "product": 4, "count": 2}}, {"model": "orders.orderproduct", "pk": 8, "fields": {"order": 8, "product": 4, "count": 1}}, {"model": "orders.orderproduct", "pk": 9, "fields": {"order": 8, "product": 6, "count": 1}}, {"model": "orders.orderproduct", "pk": 10, "fields": {"order": 9, "product": 5, "count": 1}}, {"model": "orders.orderproduct", "pk": 11, "fields": {"order": 10, "product": 15, "count": 1}}, {"model": "orders.orderproduct", "pk": 12, "fields": {"order": 11, "product": 15, "count": 1}}, {"model": "orders.orderproduct", "pk": 13, "fields": {"order": 12, "product": 2, "count": 1}}, {"model": "orders.orderproduct", "pk": 14, "fields": {"order": 13, "product": 16, "count": 1}}, {"model": "orders.orderproduct", "pk": 15, "fields": {"order": 14, "product": 14, "count": 1}}, {"model": "orders.orderproduct", "pk": 16, "fields": {"order": 15, "product": 14, "count": 1}}, {"model": "orders.orderproduct", "pk": 17, "fields": {"order": 16, "product": 2, "count": 1}}, {"model": "orders.orderproduct", "pk": 18, "fields": {"order": 16, "product": 13, "count": 1}}, {"model": "orders.orderproduct", "pk": 19, "fields": {"order": 17, "product": 2, "count": 1}}, {"model": "orders.orderproduct", "pk": 20, "fields": {"order": 17, "product": 13, "count": 1}}, {"model": "orders.orderproduct", "pk": 21, "fields": {"order": 18, "product": 2, "count": 1}}, {"model": "orders.orderproduct", "pk": 22, "fields": {"order": 18, "product": 13, "count": 1}}, {"model": "orders.orderproduct", "pk": 23, "fields": {"order": 19, "product": 1, "count": 1}}, {"model": "orders.orderproduct", "pk": 24, "fields": {"order": 19, "product": 2, "count": 1}}, {"model": "orders.orderproduct", "pk": 25, "fields": {"order": 19, "product": 3, "count": 2}}, {"model": "orders.payment", "pk": 1, "fields": {"order": 7, "number": "12345678", "name": "Сельдерей", "month": "10", "year": "23", "code": "123"}}, {"model": "orders.payment", "pk": 2, "fields": {"order": 7, "number": "8498494", "name": "Сельдерей", "month": "12", "year": "23", "code": "123"}}, {"model": "orders.payment", "pk": 3, "fields": {"order": 7, "number": "22222222", "name": "Сельдерей", "month": "10", "year": "23", "code": "123"}}, {"model": "orders.payment", "pk": 4, "fields": {"order": 7, "number": "12345678", "name": "Сельдерей", "month": "10", "year": "23", "code": "123"}}, {"model": "orders.payment", "pk": 5, "fields": {"order": 6, "number": "69732538", "name": "Annoying Orange", "month": "02", "year": "2025", "code": "123"}}, {"model": "orders.payment", "pk": 6, "fields": {"order": 8, "number": "88888888", "name": "Анатолий", "month": "10", "year": "23", "code": "135"}}, {"model": "orders.payment", "pk": 7, "fields": {"order": 6, "number": "88888888", "name": "Анатолий", "month": "10", "year": "23", "code": "123"}}, {"model": "orders.payment", "pk": 8, "fields": {"order": 3, "number": "8888888", "name": "Ананас", "month": "12", "year": "12", "code": "132"}}, {"model": "orders.payment", "pk": 9, "fields": {"order": 12, "number": "88888888", "name": "Ананас", "month": "12", "year": "21", "code": "165"}}, {"model": "orders.payment", "pk": 10, "fields": {"order": 4, "number": "8888888", "name": "Ананас", "month": "12", "year": "12", "code": "123"}}, {"model": "orders.payment", "pk": 11, "fields": {"order": 13, "number": "88888888", "name": "Анатолий", "month": "10", "year": "23", "code": "123"}}, {"model": "orders.payment", "pk": 12, "fields": {"order": 14, "number": "91187576", "name": "Annoying Orange", "month": "02", "year": "2025", "code": "123"}}, {"model": "orders.payment", "pk": 13, "fields": {"order": 15, "number": "56430838", "name": "Annoying Orange", "month": "02", "year": "2025", "code": "123"}}, {"model": "orders.payment", "pk": 14, "fields": {"order": 18, "number": "64341774", "name": "Annoying Orange", "month": "02", "year": "2025", "code": "123"}}]